Party,Date,Supplier,Description,Amount,Category
Labor,01-08-2022,DESI AUSTRALIA PTY LTD,By Election Ad ½ page,420,Advertising
Labor,18-10-2022,,"Godaddy - .AU Domain Priority Rights Pre-Registration
1 Year marjorieoneill.au",9.96,Advertising
Labor,18-10-2022,,"Crazy Domains - perrottetrecord.com.au - 04/10/2022
- 04/10/2023",22.1,Advertising
Labor,18-10-2022,,"Crazy Domains: PerrottetRecord premium web
forwarding – State Campaign 04/10/2022 -
04/10/2023",28.6,Advertising
Labor,18-10-2022,,"Godaddy -.AU Domain Priority Rights Pre-Registration
1 Year dangerousdominic.au",19.91,Advertising
Labor,22-10-2022,,"Reimbursement - Camden Social Media Sept and Oct
Meta Ads",197.25,Advertising
Labor,27-10-2022,VALLEY SIGNS AND PRINTING PTY LTD,"election banner for Clarence candidate, Leon
Ankersmit",275,Advertising
Labor,01-11-2022,JEFFRIES PRINTING SERVICES,CORFLUTES - MOBILE OFFICES - Jihad Dib,55,Advertising
Labor,07-12-2022,Message Media,18/11/22 - 30/11/22 Messaging Australia,0.07,Advertising
Labor,04-12-2022,Heads News,Advertisement Dec 2022,123,Advertising
Labor,26-11-2022,THE BERRY ALLIANCE,Newspaper Advertising- In the Berry Town Crier,143,Advertising
Labor,05-12-2022,The Shannon Company Pty Ltd,"Media planning & buying fees + Media budget
November Instalment as per Billing Schedule",22000,Advertising
Labor,05-12-2022,The Shannon Company Pty Ltd,"Services Agreement Between NSW Labor and TSC as
per Creative Services Response - October",55000,Advertising
Labor,05-12-2022,The Shannon Company Pty Ltd,"Services Agreement Between NSW Labor and TSC as
per Creative Services Response - November",88000,Advertising
Labor,30-11-2022,OZ Arab Media,"CHRISTMAS Day 2022 AD Quarter Page - Nathan
Hagarty",550,Advertising
Labor,17-12-2022,Kangaroo Valley Voice,Half Page Colour Kiama Labor,185,Advertising
Labor,31-12-2022,Message Media,01/12/2022 - 31/12/2022 Messaging Australia,0.12,Advertising
Labor,31-12-2022,RADIO 2DU,Radio Advertising 28-30 Spots Dubbo,2310,Advertising
Labor,11-01-2023,INDUS AGE,Full Page Colour Advrt.- Sydney Edition Jan 2023,1100,Advertising
Labor,10-01-2023,"LITTLE, JULIA",Julia Little Reims Portrait Shots,1263.9,Advertising
Labor,10-01-2023,"LITTLE, JULIA",Julia Little Reims Advertising,581.41,Advertising
Labor,11-01-2023,CAMPBELLTOWN RADIO PTY LTD,Radio Ad Sally Quinnell Camden,2640,Advertising
Labor,13-12-2022,The Shannon Company Pty Ltd,"Services Agreement Between NSW Labor and TSC as
per Creative Services Response - December as per
schedule",165000,Advertising
Labor,13-12-2022,The Shannon Company Pty Ltd,Media Planning and Buying Fees,77000,Advertising
Labor,13-12-2022,The Shannon Company Pty Ltd,"Media Charges $100,000
oM etro TV (Seven, Nine, Ten, SBS),
oO utdoor DLF (QMS, Ooh Media)
oO utdoor Retail (Shopper Media and Branspace
Westfield",110000,Advertising
Labor,13-01-2023,The Shannon Company Pty Ltd,"Services Agreement Between NSW Labor and TSC as
per Creative Services Response January as per
Schedule",440000,Advertising
Labor,13-01-2023,The Shannon Company Pty Ltd,Media Planning and Buying Fees,77000,Advertising
Labor,13-01-2023,The Shannon Company Pty Ltd,"Media Charges $200,000
oM etro TV (Seven, Nine, Ten, SBS),
oO utdoor DLF (QMS, Ooh Media)
oO utdoor Retail (Shopper Media and Branspace
Westfield",220000,Advertising
Labor,25-01-2023,,,1.95,Advertising
Labor,25-01-2023,,,14.34,Advertising
Labor,25-01-2023,,,4.97,Advertising
Labor,25-01-2023,,,19.72,Advertising
Labor,25-01-2023,,,3.3,Advertising
Labor,24-06-2022,JEFFRIES PRINTING SERVICES,DL CARD - Progressive Voice,209,Campaign Material
Labor,30-06-2022,"HAYLEN, JOANNA",Nationbuilder charges and website charges,4794.25,Campaign Material
Labor,26-06-2022,JEFFRIES PRINTING SERVICES,"Campbelltown - COASTER, Corflutes, Magnets",3454.1,Campaign Material
Labor,18-08-2022,,Image Direction for Chris purchased and co-ordinated,300,Campaign Material
Labor,18-08-2022,,Image Direction for Chris purchased and co-ordinated,1717.56,Campaign Material
Labor,11-08-2022,JEFFRIES PRINTING SERVICES,"Blue Mountains State Campaign - Stickers - Re-Elect
Trish",440,Campaign Material
Labor,12-09-2022,JEFFRIES PRINTING SERVICES,"DL+ Cards - Sally Quinnell - State ElecVon
Camden",660,Campaign Material
Labor,29-08-2022,JEFFRIES PRINTING SERVICES,"DL+ Cards - Karem McKeown - State
Election Penrith",1817,Campaign Material
Labor,19-09-2022,CRAZY DOMAINS HOSTING,"CRAZYDOMAINSHOSTING Multiple Domain names
16/09/2022 - 16/09/2023 registered by Kirsten",173.25,Campaign Material
Labor,05-10-2022,Graphic Industries,42 Car Stickers - Mcinerney Kiama,132,Campaign Material
Labor,13-10-2022,Graphic Industries,Car Stickers - Mcinerney Kiama Qty 600,250.8,Campaign Material
Labor,25-10-2022,,"5000 pamphlets for Clarence candidate Leon
Ankersmit",327.04,Campaign Material
Labor,27-09-2022,JEFFRIES PRINTING SERVICES,"DL+ Cards - Katelin McInerney - State
Campaign for Kiama",1045,Campaign Material
Labor,02-11-2022,"SCULLY, PAUL",CORFLUTE STICKER,704,Campaign Material
Labor,27-09-2022,JEFFRIES PRINTING SERVICES,Corflutes - Anoulack Chanthivong,4400,Campaign Material
Labor,01-11-2022,JEFFRIES PRINTING SERVICES,Corflutes - South Coast Liza Buttler,165,Campaign Material
Labor,05-11-2022,,Image Direction co-ordination Yass/Goulburn,1100,Campaign Material
Labor,09-11-2022,KWIK KOPY PRINTING CENTRE,"Coreflute sign, print CMYK on 5mm coreflute",127.5,Campaign Material
Labor,15-11-2022,,"Photography: Headshots and electoral material of
candidate Michael Pilbrow - Goulburn",2018.94,Campaign Material
Labor,25-10-2022,JEFFRIES PRINTING SERVICES,100 T-Shirts - Philippa Scott 50 T-Shirts - Labor,1430,Campaign Material
Labor,25-10-2022,JEFFRIES PRINTING SERVICES,200 T-Shirts Auburn,1600.01,Campaign Material
Labor,20-11-2022,JEFFRIES PRINTING SERVICES,DL CARDS CORFLUTE STICKERS - Balmain,407,Campaign Material
Labor,22-11-2022,,Vehicle Magnets - Liza Butler,303.6,Campaign Material
Labor,25-10-2022,JEFFRIES PRINTING SERVICES,DL+ Cards - Intro - Kylie Wilkinson East Hills,851,Campaign Material
Labor,19-10-2022,JEFFRIES PRINTING SERVICES,DLX Cards - 12 months of Perrottet - 10000,1775,Campaign Material
Labor,19-11-2022,JEFFRIES PRINTING SERVICES,Artwork - DL+ Card - Marcus Rowland,275,Campaign Material
Labor,21-11-2022,JEFFRIES PRINTING SERVICES,DL+ FLYERS CORFLUTES MAPS - East Hills,561,Campaign Material
Labor,01-11-2022,VALLEY SIGNS AND PRINTING PTY LTD,Heat Transfer Labor Clarence Shirts,253,Campaign Material
Labor,27-10-2022,VALLEY SIGNS AND PRINTING PTY LTD,Vehicle Stickers - Clarence,847,Campaign Material
Labor,18-11-2022,DEERING STREET PRINTERS,Print Survey Flyers and Business Cards,288,Campaign Material
Labor,07-11-2022,GODADDY.COM,"GODADDY.COM - Land Tax multiple Domains 1 year
registrations",81.19,Campaign Material
Labor,25-11-2022,,,93.42,Campaign Material
Labor,11-11-2022,JEFFRIES PRINTING SERVICES,DL+ CARDS - INTRO CAMDEN,576,Campaign Material
Labor,11-11-2022,JEFFRIES PRINTING SERVICES,Artwork A4 2PP FLYER - SPRING FARM Camden,1331.7,Campaign Material
Labor,11-11-2022,JEFFRIES PRINTING SERVICES,Artwork A4 2PP FLYER MOUNT ANNAN Camden,1033.8,Campaign Material
Labor,30-11-2022,"SCULLY, PAUL",P Scully Reims for Campaign T Shirts,1310,Campaign Material
Labor,30-11-2022,,Clarence - Leon Ankersmit Pamphlets,510.99,Campaign Material
Labor,23-11-2022,JEFFRIES PRINTING SERVICES,DL+ Cards - Balmain,1080,Campaign Material
Labor,11-11-2022,JEFFRIES PRINTING SERVICES,DL CARDS INTRO - BALMAIN,1080,Campaign Material
Labor,15-12-2022,,"Photography: Headshots and electoral material of
candidate Michael Pilbrow - Goulburn",1430.09,Campaign Material
Labor,14-12-2022,"Hetherington, David",David Hetherington expense claim-printing,843.51,Campaign Material
Labor,14-12-2022,Printflow Central West Pty Ltd,500 x A5 Flyers - Orange,125,Campaign Material
Labor,18-12-2022,JEFFRIES PRINTING SERVICES,"CHRISTMAS CARDS CORFLUTE STICKERS - Nathan
Hagarty",2530,Campaign Material
Labor,18-12-2022,JEFFRIES PRINTING SERVICES,CORFLUTE STICKERS - LIZA BUTLER SOUTH COAST,390.01,Campaign Material
Labor,18-12-2022,JEFFRIES PRINTING SERVICES,Corflutes - Labor LIZA BUTLER SOUTH COAST,1375,Campaign Material
Labor,14-12-2022,JEFFRIES PRINTING SERVICES,T-SHIRTS CORFLUTES- KIAMA,2038,Campaign Material
Labor,23-09-2022,,Blue Mountains SC - postage stamps,481.67,Operations
Labor,08-12-2022,,Old Corflute Disposals - Gosford Campaign,220.3,Operations
Labor,14-12-2022,,,30,Operations
Labor,14-12-2022,"Hetherington, David",David Hetherington expense claim- software,647.04,Operations
Labor,03-01-2023,,,80,Operations
Labor,03-01-2023,,,30,Operations
Labor,10-01-2023,"COSTELLO, ALEX",AC Expenses Phone,79,Operations
Labor,15-01-2023,Officeworks Pty Ltd,Headsets for Leaders 14 Staff,350,Operations
Labor,18-01-2023,Officeworks Pty Ltd,Headsets for Leaders 10 Staff,250,Operations
Labor,13-01-2023,,,40,Operations
Labor,27-01-2023,,,30,Operations
Labor,17-02-2023,,,30,Operations
Labor,17-02-2023,,,30,Operations
Labor,20-02-2023,MAGENTA LINAS SOFTWARE,"Annual Hosting and Maintenance of ML Prime
Website 21/01/2023 to 20/01/2024 voteinfo.com.au",715,Operations
Labor,03-02-2023,AUSTRALIA POST,"Campbelltown post supply for period ending
31/01/2023",5853.06,Operations
Labor,24-02-2023,"Elliot, Craig",Craig Phillip Elliot Expense Claim-Tweed SC - phone,25,Operations
Labor,03-03-2023,"Dahlitz, Chris",Chris Dahlitz Expense claim,30,Operations
Labor,28-02-2023,"HAYLEN, JOANNA","Summer Hills SC - Reimbursement for stake and calbe
ties",197.4,Operations
Labor,28-02-2023,,,20,Operations
Labor,02-03-2023,,,30,Operations
Labor,01-03-2023,Aussie Broadband Limited,"NBN Unlimited Data 01 FEB 2023 - 28 FEB 2023
Monaro and Router",202.9,Operations
Labor,01-03-2023,Aussie Broadband Limited,"NBN Unlimited Data 01 MAR 2023 - 31 MAr 2023
Level 6",109,Operations
Labor,01-03-2023,Aussie Broadband Limited,"NBN Unlimited Data 01 MAR 2023 - 31 MAR 2023
Monaro",109,Operations
Labor,28-02-2023,Print Media,"Australia post charges mail out sent on PM account
Wollongong",2542.32,Operations
Labor,03-03-2023,AUSTRALIA POST,"post office service this period ending 28.02.2023
bALM",7771.84,Operations
Labor,03-03-2023,AUSTRALIA POST,post office service this period ending 28.02.2023 RIVN,6916.2,Operations
Labor,03-03-2023,AUSTRALIA POST,"post office service this period ending 28.02.2023
CAMD",5841.78,Operations
Labor,03-03-2023,AUSTRALIA POST,post office service this period ending 28.02.2023 RYDE,10772.38,Operations
Labor,03-03-2023,AUSTRALIA POST,"post office service this period ending 28.02.2023
CAMP",5852.28,Operations
Labor,03-03-2023,AUSTRALIA POST,post office service this period ending 28.02.2023 SEVE,6292.83,Operations
Labor,03-03-2023,AUSTRALIA POST,"post office service this period ending 28.02.2023
SOUT",15819.22,Operations
Labor,03-03-2023,AUSTRALIA POST,post office service this period ending 28.02.2023 EAST,5714.34,Operations
Labor,03-03-2023,AUSTRALIA POST,post office service this period ending 28.02.2023 STRA,8186.75,Operations
Labor,03-03-2023,AUSTRALIA POST,"post office service this period ending 28.02.2023
GOUL",12838.07,Operations
Labor,05-12-2022,Unknown,Organiser,2495.77,Staff
Labor,05-12-2022,Unknown,Organiser,262.06,Staff
Labor,05-12-2022,Unknown,Organiser,1892.31,Staff
Labor,05-12-2022,Unknown,Organiser,198.69,Staff
Labor,05-12-2022,Unknown,Organiser,2495.77,Staff
Labor,05-12-2022,Unknown,Organiser,262.06,Staff
Labor,05-12-2022,Unknown,Campaign Staff,1846.15,Staff
Labor,05-12-2022,Unknown,Campaign Staff,193.85,Staff
Labor,05-12-2022,Unknown,Campaign Staff,4153.84,Staff
Labor,05-12-2022,Unknown,Campaign Staff,436.15,Staff
Labor,05-12-2022,Unknown,Campaign Staff,5407.5,Staff
Labor,05-12-2022,Unknown,Campaign Staff,567.79,Staff
Labor,05-12-2022,Unknown,Digital,2852.31,Staff
Labor,05-12-2022,Unknown,Digital,299.49,Staff
Labor,16-01-2023,Unknown,Organiser,3415.04,Staff
Labor,16-01-2023,Unknown,Organiser,358.58,Staff
Labor,16-01-2023,Unknown,Organiser,2567.23,Staff
Labor,16-01-2023,Unknown,Organiser,269.56,Staff
Labor,16-01-2023,Unknown,Organiser,3356.81,Staff
Labor,16-01-2023,Unknown,Organiser,352.46,Staff
Labor,16-01-2023,Unknown,Campaign Staff,4736.54,Staff
Labor,16-01-2023,Unknown,Campaign Staff,497.34,Staff
Labor,16-01-2023,Unknown,Digital,3886.27,Staff
Labor,16-01-2023,Unknown,Digital,408.06,Staff
Labor,16-01-2023,Unknown,Campaign Staff,8537.6,Staff
Labor,16-01-2023,Unknown,Campaign Staff,896.45,Staff
Labor,16-01-2023,Unknown,Campaign Staff,4736.53,Staff
Labor,16-01-2023,Unknown,Campaign Staff,497.34,Staff
Labor,16-01-2023,Unknown,Organiser,6333.66,Staff
Labor,16-01-2023,Unknown,Organiser,665.03,Staff
Labor,16-01-2023,Unknown,Organiser,4274.99,Staff
Labor,16-01-2023,Unknown,Organiser,448.88,Staff
Labor,16-01-2023,Unknown,Organiser,6333.66,Staff
Labor,16-01-2023,Unknown,Organiser,665.03,Staff
Labor,31-01-2023,Unknown,Organiser,508.84,Staff
Labor,31-01-2023,Unknown,Organiser,4846.15,Staff
Labor,31-01-2023,Unknown,Organiser,508.84,Staff
Labor,31-01-2023,Unknown,Organiser,3500,Staff
Labor,31-01-2023,Unknown,Organiser,367.5,Staff
Labor,31-01-2023,Unknown,Organiser,4615.38,Staff
Labor,31-01-2023,Unknown,Organiser,484.62,Staff
Labor,31-01-2023,Unknown,Organiser,6872.11,Staff
Labor,31-01-2023,Unknown,Organiser,721.57,Staff
Labor,31-01-2023,Unknown,Organiser,4846.15,Staff
Labor,31-01-2023,Unknown,Organiser,508.84,Staff
Labor,31-01-2023,Unknown,Organiser,2512.82,Staff
Labor,31-01-2023,Unknown,Organiser,263.84,Staff
Labor,31-01-2023,Unknown,Organiser,4153.84,Staff
Labor,31-01-2023,Unknown,Organiser,436.16,Staff
Labor,31-01-2023,Unknown,Organisers,5407.49,Staff
Labor,31-01-2023,Unknown,Organisers,567.79,Staff
Labor,31-01-2023,Unknown,Organisers,4159.61,Staff
Labor,31-01-2023,Unknown,Organisers,436.76,Staff
Labor,31-01-2023,Unknown,Organisers,8319.22,Staff
Labor,31-01-2023,Unknown,Organisers,873.52,Staff
Labor,31-01-2023,Unknown,Organisers,7487.3,Staff
Labor,31-01-2023,Unknown,Organisers,786.17,Staff
Labor,31-01-2023,Unknown,Organisers,4159.61,Staff
Labor,13-01-2023,PIDCOCK COMMERCIAL REAL ESTATE,"Portland Pty Ltd 10 Weeks Rent 16/01/2023 to
27/03/2023",4598,Office
Labor,03-02-2023,LJ Hooker Queanbeyan,Monaro Campaign Office Rent 03/02-31/03/23,5731.94,Office
Labor,01-02-2023,Mercer Property Pty Ltd,Office Rent,1697.11,Office
Labor,01-02-2023,Mercer Property Pty Ltd,Variable Outgoings 16/01/23 - 31/01/23,87.56,Office
Labor,01-02-2023,Mercer Property Pty Ltd,Office Rent,3288.16,Office
Labor,01-02-2023,Mercer Property Pty Ltd,Variable Outgoings 16/01/23 - 31/01/23,169.64,Office
Labor,10-02-2023,The Monaro Group Pty Ltd,"Specialized Cleaning for limited initial cleaning of
premises
20 Monaro Rd Queanbeyan",1537.8,Office
Labor,15-02-2023,Mercer Property Pty Ltd,Office Rent,3288.16,Office
Labor,15-02-2023,Mercer Property Pty Ltd,Variable Outgoings,169.64,Office
Labor,22-02-2023,OZYLECTRICS PTY LTD,Electrician to fix phone banking level 6 Sussex Street,858,Office
Labor,20-02-2023,DEFT REAL ESTATE,"DEFT REAL ESTATE 112 Norton st - lease Balmain -
18/2/2023 to 01/04/2023",6861.36,Office
Labor,15-03-2023,Mercer Property Pty Ltd,Office Rent,3288.16,Office
Labor,08-03-2023,,"reimbursement for Rent - Campaign Office 50
Blaxland",3295,Office
Labor,02-04-2023,,"Parramatta SC - reimb rubbish removal
of campaign excess material",168.48,Office
Labor,27-03-2023,"SALIBA, DAVID",Fairfield SC David Saliba Reim - Shop Rental,330.1,Office
Labor,21-03-2023,"SAFFIN, JANELLE","Lismore SC Janelle Saffin Reimbursement 2 weeks
office rent",500.01,Office
Labor,04-03-2023,SAVAA PTY LTD,"Lease out of shop 1 & 2 of 6/163, Prospect Highway,
Seven Hills, NSW
2147-Riverstone SC",1500,Office
Labor,04-03-2023,SAVAA PTY LTD,"Lease out of shop 1 & 2 of 6/163, Prospect Highway-
Winston Hills",1500,Office
Labor,20-07-2022,,,3040,Travel
Labor,11-01-2023,,,323.98,Travel
Labor,01-02-2023,,,181.21,Travel
Labor,01-02-2023,,,12,Travel
Labor,15-01-2023,,T,464.21,Travel
Labor,07-02-2023,"MOONEY, BLAKE","B Mooney Exps - trip to Goulburn, accomodation",149.6,Travel
Labor,07-02-2023,"MOONEY, BLAKE","B Mooney Exps - trip to Goulburn, travel",29.7,Travel
Labor,07-02-2023,,Ex,42.14,Travel
Labor,09-02-2023,"CAMPESE, TERRY",T Campese Fuel Expenses,170.74,Travel
Labor,16-02-2023,"Ankersmit, Leon",Airfare - Travel Ballina to Sydney,302.5,Travel
Labor,16-02-2023,"Ankersmit, Leon",Uber (trains were not running on 10 December),52.17,Travel
Labor,16-02-2023,"Ankersmit, Leon",Parking at Ballina airport - $20.20,20.1,Travel
Labor,16-02-2023,,,67.53,Travel
Labor,16-02-2023,,,271.5,Travel
Labor,20-02-2023,"Chanthivong, Anoulack",Chanthivong Reims for Macquarie Fields - Van Hire,225.4,Travel
Labor,20-02-2023,"Chanthivong, Anoulack","Chanthivong Reims for Macquarie Fields - Petrol,",80.38,Travel
Labor,21-02-2023,QI PENRITH,QI PENRITH,625,Travel
Labor,03-02-2023,UBER,"UBER *TRIP Sydney AUS; general event
related travel",12.83,Travel
Labor,06-02-2023,UBER,"UBER *TRIP Sydney AUS; general event
related travel",14.96,Travel
Labor,08-02-2023,UBER,"UBER *TRIP Sydney AUS; general event
related travel",10.58,Travel
Labor,13-02-2023,UBER,"UBER *TRIP Sydney AUS; general event
related travel",24.33,Travel
Labor,17-02-2023,UBER,"UBER *TRIP Sydney AUS; general event
related travel",15.52,Travel
Labor,17-02-2023,UBER,"UBER *TRIP Sydney AUS; general event
related travel",28.53,Travel
Labor,21-02-2023,UBER,"UBER *TRIP Sydney AUS; general event
related travel",23.03,Travel
Labor,21-02-2023,UBER,"UBER *TRIP Sydney AUS; general event
related travel",14.87,Travel
Labor,24-02-2023,UBER,"UBER *TRIP Sydney AUS; general event
related travel",38.63,Travel
Labor,24-02-2023,UBER,"UBER *TRIP Sydney AUS; general event
related travel",13.9,Travel
Labor,24-02-2023,QueanbeyanMotel,RMS*QueanbeyanMotel 0383999462 VIC,135,Travel
Labor,24-02-2023,,,121.72,Travel
Labor,27-02-2023,,"Blue Mts Exps Trailer Rego 20/02/2023 to
18/02/2024",70.31,Travel
Labor,02-03-2023,,,122.99,Travel
Labor,03-03-2023,"Dahlitz, Chris",Chris Dahlitz Expense Claim,80.2,Travel
Labor,03-03-2023,"Dahlitz, Chris",Chris Dahlitz Expense Claim,140,Travel
Labor,02-03-2023,,,458.98,Travel
Labor,02-03-2023,,,327.43,Travel
Labor,02-03-2023,"RANKINE, LIAM",Liam Rankine Reim - accomodation Tyler,175,Travel
Labor,02-03-2023,"MOONEY, BLAKE",Blake Mooney Yass petrol,36.96,Travel
Labor,02-03-2023,"MOONEY, BLAKE",Blake Mooney Yass accomodation,190.99,Travel
Labor,28-02-2023,,Ex,386.9,Travel
Labor,13-03-2023,,reimbursement for Petrol,536.82,Travel
Labor,13-03-2023,,reimbursement for Parking,49.98,Travel
Labor,08-03-2023,,"reimbursement for accommodation-in Cobar while I
was travelling around the electorate.",165,Travel
Labor,20-07-2022,BANNERTYNE HOUSE,Project Beta – 4 groups - research. Focus groups,22000,Research
Labor,22-07-2022,The Red Fox Group Pty Ltd,"Fees and Charges in relation to engagement letter
dated 07/07/2022 in relation to: Electoral analysis of
the state seat of Swansea.",1650,Research
Labor,03-08-2022,COMMUNITY ENGAGEMENT LIMITED,NSW CMIX Online Messaging Panel,9000,Research
Labor,26-07-2022,UTTING RESEARCH,"QUANTITATIVE RESEARCH
NSW Benchmark Study",33000,Research
Labor,10-10-2022,BANNERTYNE HOUSE,Project theta – 4 groups.,22000,Research
Labor,31-10-2022,BANNERTYNE HOUSE,Project Theta South Coast – 2 groups,10560,Research
Labor,02-11-2022,BANNERTYNE HOUSE,"Project Phoenix Stage 1 - First 9 Tranches of groups
50% costs Stage 1",43450,Research
Labor,05-12-2022,UTTING RESEARCH,"Survey - South Western Sydney incorporating the
LegislaVve Assembly
districts of Camden.",8030,Research
Labor,05-12-2022,UTTING RESEARCH,"Survey - Western Sydney incorporating the Legislative
Assembly seats of Riverstone.",8030,Research
Labor,05-12-2022,UTTING RESEARCH,"Survey - South Western Sydney incorporating the
Legislative Assembly districts of Leppington",8030,Research
Labor,05-12-2022,UTTING RESEARCH,"Survey - Western Sydney incorporating the Legislative
Assembly seats of Winston Hills",8030,Research
Labor,13-12-2022,YOUGOV GALAXY,State Seat Polls 2022,49500,Research
Labor,19-12-2022,BANNERTYNE HOUSE,Project Phoenix Stage 1 - First 9 Tranches of groups,43450,Research
Labor,07-02-2023,BANNERTYNE HOUSE,"Project Phoenix Stage 2 - 2nd round of 9 Tranches of
groups",43450,Research
Labor,06-02-2023,UTTING RESEARCH,QUANTITATIVE RESEARCH Monaro February 2023,16060,Research
Labor,06-02-2023,UTTING RESEARCH,QUANTITATIVE RESEARCH Balmain February 2023,16060,Research
Labor,06-02-2023,UTTING RESEARCH,QUANTITATIVE RESEARCH Oatley February 2023,16060,Research
Labor,13-02-2023,UTTING RESEARCH,"QUANTITATIVE RESEARCH DRUMMOYNE February
2023",16060,Research
Labor,13-02-2023,UTTING RESEARCH,QUANTITATIVE RESEARCH GOULBURN February 2023,16060,Research
Labor,13-02-2023,UTTING RESEARCH,"QUANTITATIVE RESEARCH OATLEY February 2023 6th-
9th Feb2023",16060,Research
Labor,17-02-2023,UTTING RESEARCH,QUANTITATIVE RESEARCH KIAMA 13th-15th Feb2023,16060,Research
Labor,22-02-2023,BANNERTYNE HOUSE,"Project Phoenix Stage 2 - 2nd round of 9 Tranches of
groups Final Costs",43450,Research
Labor,23-02-2023,UTTING RESEARCH,QUANTITATIVE RESEARCH Lismore and Coogee,32120,Research
Labor,23-02-2023,UTTING RESEARCH,QUANTITATIVE RESEARCH SHARBOUR + TWEED,32120,Research
Labor,07-02-2023,QUEENSLAND GOVT,QUEENSLAND GOVT 2 Research,500.01,Research
Labor,17-02-2023,UTTING RESEARCH,QUANTITATIVE RESEARCH THE ENTRANCE,16060,Research
Labor,17-02-2023,UTTING RESEARCH,QUANTITATIVE RESEARCH NEWCASTLE,16060,Research
Labor,21-03-2023,BANNERTYNE HOUSE,"Project Phoenix Stage 3 - 3rd round of 7 Tranches of
groups",71500,Research
Labor,23-03-2023,,"Viewing of AGL, Santos BHP and RIO Registers -ALP SC",147.5,Research
Labor,01-03-2023,QUEENSLAND GOVT,QUEENSLAND GOVT 2 BRISBANE,500.01,Research
Labor,02-03-2023,Court Data Australia,Court Data Australia 0734203333 QLD,42.9,Research
Labor,02-07-2022,Commonwealth Bank,"CBA MERCHANT FEE Value Date:
30/06/2022",49.5,Fundraising
Labor,30-06-2022,,Expense Claim for the period June 2022,94.19,Fundraising
Labor,30-06-2022,"HAYLEN, JOANNA","Invoice INV-3445 from t
for Jo Haylen Campaign",540,Fundraising
Labor,01-07-2022,Stripe,Stripe fee for Summer Hills SC,68.43,Fundraising
Labor,01-07-2022,Nationbuilder,NB fee,127.14,Fundraising
Labor,01-07-2022,Nationbuilder,NB fee,12.9,Fundraising
Labor,01-07-2022,Nationbuilder,NB fee,21.9,Fundraising
Labor,01-07-2022,Nationbuilder,NB fee,9.3,Fundraising
Labor,01-07-2022,Nationbuilder,NB fee,181.35,Fundraising
Labor,05-07-2022,Nationbuilder,NB fee,3.3,Fundraising
Labor,05-07-2022,Nationbuilder,NB fee,21.9,Fundraising
Labor,06-07-2022,Nationbuilder,NB fee,1.68,Fundraising
Labor,06-07-2022,Nationbuilder,NB fee,2.4,Fundraising
Labor,06-07-2022,Nationbuilder,NB fee,0.75,Fundraising
Labor,07-07-2022,Nationbuilder,NB fee,0.75,Fundraising
Labor,07-07-2022,Nationbuilder,NB fee,1.02,Fundraising
Labor,12-07-2022,Nationbuilder,NB fee,0.75,Fundraising
Labor,13-07-2022,Nationbuilder,NB fee,11.56,Fundraising
Labor,13-07-2022,Nationbuilder,NB fee,2.04,Fundraising
Labor,14-07-2022,Nationbuilder,NB fee,2.46,Fundraising
Labor,14-07-2022,Nationbuilder,NB fee,0.75,Fundraising
Labor,02-07-2022,Nationbuilder,NB fee,111.91,Fundraising
Labor,02-07-2022,Nationbuilder,NB fee,17.4,Fundraising
Labor,02-07-2022,Nationbuilder,NB fee,45.3,Fundraising
Labor,02-07-2022,Nationbuilder,NB fee,2.1,Fundraising
Labor,04-07-2022,Nationbuilder,NB fee for AR024521 as it transfer to SC account,9.3,Fundraising
Labor,15-07-2022,Nationbuilder,NB fee,0.75,Fundraising
Labor,18-07-2022,Nationbuilder,NB fee,2.37,Fundraising
Labor,18-07-2022,Nationbuilder,NB fee,17.8,Fundraising
Labor,20-07-2022,Nationbuilder,NB fee,5.1,Fundraising
Labor,20-07-2022,Nationbuilder,NB fee,2.05,Fundraising
Labor,20-07-2022,Nationbuilder,NB fee,0.65,Fundraising
Labor,21-07-2022,Nationbuilder,NB fee,1.61,Fundraising
Labor,21-07-2022,Nationbuilder,NB fee,2.53,Fundraising
Labor,22-07-2022,Nationbuilder,NB fee,2.4,Fundraising
Labor,25-07-2022,Nationbuilder,NB fee,11.86,Fundraising
Labor,25-07-2022,Nationbuilder,NB fee,4.68,Fundraising
Labor,25-07-2022,Nationbuilder,NB fee,1.18,Fundraising
Labor,26-07-2022,Nationbuilder,NB fee,0.48,Fundraising
Labor,27-07-2022,Nationbuilder,NB fee,1.52,Fundraising
Labor,27-07-2022,Nationbuilder,NB fee,17.18,Fundraising
Labor,28-07-2022,Nationbuilder,NB fee,1.46,Fundraising
Labor,29-07-2022,Nationbuilder,NB fee,1.83,Fundraising
Labor,02-08-2022,Nationbuilder,NB fee,0.96,Fundraising
Labor,02-08-2022,Nationbuilder,NB fee,4.58,Fundraising
Labor,02-08-2022,Nationbuilder,NB fee,1.18,Fundraising
Labor,02-08-2022,Nationbuilder,NB fee,1.18,Fundraising
Labor,04-08-2022,Nationbuilder,NB fee,1.18,Fundraising
Labor,05-08-2022,Nationbuilder,NB fee,4.68,Fundraising
Labor,08-08-2022,Nationbuilder,NB fee,0.87,Fundraising
Labor,08-08-2022,Nationbuilder,NB fee,0.74,Fundraising
Labor,08-08-2022,Nationbuilder,NB fee,0.74,Fundraising
Labor,02-08-2022,Commonwealth Bank,CBA MERCHANT FEE,49.5,Fundraising
Labor,02-08-2022,Commonwealth Bank,"CBA MERCHANT FEE Value Date:
31/07/2022",103.48,Fundraising
Labor,08-08-2022,Commonwealth Bank,Direct Debit,3.88,Fundraising
Labor,08-08-2022,Nationbuilder,NB fee,2.45,Fundraising
Labor,08-08-2022,Nationbuilder,NB fee,0.74,Fundraising
Labor,08-08-2022,Nationbuilder,NB fee,5.86,Fundraising
Labor,11-08-2022,Nationbuilder,NB fee,3.62,Fundraising
Labor,11-08-2022,Nationbuilder,NB fee,1.18,Fundraising
Labor,15-08-2022,Nationbuilder,NB fee,6.45,Fundraising
Labor,16-08-2022,Nationbuilder,NB fee,2.38,Fundraising
Labor,01-08-2022,Stripe,Stripe fee for Summer Hills SC,38.25,Fundraising
Labor,17-08-2022,Nationbuilder,NB fee,3.1,Fundraising
Labor,17-08-2022,Nationbuilder,NB fee,-3.1,Fundraising
Labor,17-08-2022,Nationbuilder,NB fee,3.1,Fundraising
Liberal,17-01-2023,WILKIES DISTRIBUTION PTY LTD T/A BLUE PRINT,AT SHIRTS FOR ELECTION,2392.5,Advertising
Liberal,08-02-2023,PRIME TELEVISION (SOUTHERN) PTY. LIMITED,2023 CAMPAIGN ADVERTISING WITH 7,5500,Advertising
Liberal,01-02-2023,WIN TELEVISION NSW PTY LIMITED,TV ADVERTISING,5500,Advertising
Liberal,17-02-2023,ACE RADIO BROADCASTERS PTY LTD,JUSTIN CLANCY RADIO BUY - 30SEC,5335,Advertising
Liberal,28-02-2023,SINCLED INVESTMENTS & WATERLINE PTY LTD T/,JUSTIN CLANCY CAMPAIGN SCREEN ADVERTISING,3168,Advertising
Liberal,09-02-2023,SOUTHERN CROSS AUSTEREO PTY LTD,2023 CAMPAIGN - JUSTIN CLANCY - RADIO AD,7667,Advertising
Liberal,21-02-2023,KWIK KOPY HORNSBY,COFEFLUTES - CAMPAIGN BOARDS A1,1027.4,Advertising
Liberal,14-03-2023,IMPRESSIVE PRINT GROUP PTY LTD,300 CORFLUTES AND 5000 DLS,2393.6,Advertising
Liberal,23-03-2023,DAN VIET PTY LTD,"FULL PAGE COLOURED AD, DAN VIET",330,Advertising
Liberal,20-03-2023,EASY SIGNS PTY LTD,100 X CORFLUTE SIGNS FOR COURTNEY,732.54,Advertising
Liberal,02-03-2023,HAWKESBURY DISTRICT INDEPENDENT,1/2 PAGE ADVERT - MARCH EDITION,660,Advertising
Liberal,12-02-2023,THE BEAST PTY LTD,EDITORIAL AND ADVERTISMENT HALF PAGE (MAR-23),1430,Advertising
Liberal,12-01-2023,THE BEAST PTY LTD,ADVERTISING HALF PAGE (FEB-23),1430,Advertising
Liberal,12-12-2022,THE BEAST PTY LTD,ONE PAGE ADVERT AND EDITORIAL - FULL PAGE (JAN-23),2860,Advertising
Liberal,13-02-2023,THE TRUSTEE FOR THE TREEHOUSE TRUST T/A M,A80 TSHIRTS PRINTED FRONT AND BACK AND CAP,2787.4,Advertising
Liberal,31-01-2023,THE TRUSTEE FOR LEWIS & CLIFT TRUST (LEWIS M,100 MARK SPEAKMAN CORFLUTES CR,858,Advertising
Liberal,07-03-2023,KING PUBLICATIONS PTY LTD T/A HORNSBY KU-R,"IQUARTER PAGE NEWSPRINT FOR ""THE POST""",673.2,Advertising
Liberal,10-02-2023,SAMUEL NGAI,300X SIGNFLUTE CORRUGATED PLASTIC SIGN,1525.66,Advertising
Liberal,13-01-2023,MADE IN. APPAREL PTY LTD,CAMPAIGN TSHIRT (200 TOTAL) 1 COLOUR FRONT & BACK,2365,Advertising
Liberal,27-02-2023,MR PROMO PTY LTD,CYAN BLUE CAMPAIGN T-SHIRTS - FOR STEPHANIE DI PASQ,3146,Advertising
Liberal,16-03-2023,STEPHANIE DI PASQUA,EASY SIGNS CORFLUTES - 16/3/23,1695.02,Advertising
Liberal,06-03-2023,STEPHANIE DI PASQUA,CORFLUTES EASY SIGNS - 6/3/23,1288.79,Advertising
Liberal,25-01-2023,STEPHANIE DI PASQUA,CORFLUTES - EASY SIGNS - 25/1/23,351.67,Advertising
Liberal,22-03-2023,STEPHANIE DI PASQUA,EASY SIGNS CORFLUTES - 22/3/23 - 400 QTY 2 ARTWORKS (,1955.94,Advertising
Liberal,06-03-2023,STEPHANIE DI PASQUA,CORFLUTES EASY SIGNS - 6/3/30,1927.04,Advertising
Liberal,06-02-2023,STEPHANIE DI PASQUA,CORFLUTES EASY SIGNS - 6/2/23,1927.04,Advertising
Liberal,23-03-2023,WEEKLY TIMES GLADESVILLE PTY LTD,9X4 COLOUR AD PUBLISHED ON 22/3/2023,528,Advertising
Liberal,24-03-2023,S.E.I. (VIC) PTY LTD,ADVERTISEMENTS - 13/3 REPEAT,3418.8,Advertising
Liberal,09-02-2023,THE SAFETY DEPOT PTY LTD,T SHIRTS,2330,Advertising
Liberal,06-03-2023,PENINSULAR OFFICE SUPPLIES,100 CORFLUTES - GOSFORD DEE BOCKING X 100,915,Advertising
Liberal,21-03-2023,PENINSULAR OFFICE SUPPLIES,"DEE BOCKING DL'S X 8,000 AND A1 CORFLUTE",715,Advertising
Liberal,20-03-2023,PENINSULA'S OWN NEWS SERVICE INC,NEWSPAPER ADVERT QUARTER PAGE 20 MARCH 2023,330,Advertising
Liberal,03-03-2023,THE TRUSTEE FOR CHOW FAMILY TRUST T/A MED,DIGITAL ELECTRONIC SIGN BOARD,2088.9,Advertising
Liberal,13-03-2023,,GOULBURN - FLASH UNIFORMS SCREEN PRINT FRONT AND,1551.88,Advertising
Liberal,21-03-2023,PRINT LAB SYDNEY PTY LTD,GOULBURN-CORFLUTE SIGN -INV 1476,990,Advertising
Liberal,13-02-2023,,WENDY TUCKERMAN - ADVERTISING ON THE SOUTHERN HI,7990,Advertising
Liberal,21-03-2023,PRINT LAB SYDNEY PTY LTD,GOULBURN-OVERSIZE ELECTION SIGN,671,Advertising
Liberal,28-02-2023,RADIO GOULBURN PTY LTD,GOULBURN-RADIO ADS (MP3 ATTACH),6602.2,Advertising
Liberal,13-03-2023,YASS COMMUNITY RADIO ASSOCIATION INCORP,OCOMMUNITY RADIO -9 MAR AND 16 MAR 2023,300,Advertising
Liberal,22-03-2023,RURAL PRESS PTY LIMITED,QUARTER PAGE ADVERTISEMENT IN HAWKESBURY GAZETT,785,Advertising
Liberal,15-03-2023,ROBYN PRESTON,FRONT PAGE ADVERTISEMENT IN HAWKESBURY GAZETTE -,942,Advertising
Liberal,19-02-2023,THE TRUSTEE FOR THE WORD BUREAU TRUST,HALF PAGE AD IN MARCH 2023 EDITION,599,Advertising
Liberal,12-02-2023,MR PROMO PTY LTD,CYAN BLUE CAMPAIGN T-SHIRTS TINA AYYAD,1320,Advertising
Liberal,08-03-2023,CENTRUM PRINTING PTY LTD,TINA AYYAD CORFLUTE X300,2745.6,Advertising
Liberal,10-03-2023,NED MANNOUN,1000 CUSTOM PRINTED BALLOONS (BLUE),270,Advertising
Liberal,18-03-2023,EASTBEND RURAL COMMUNICATIONS INC,ADVERTISING IN LIVING HERITAGE,147,Advertising
Liberal,27-02-2023,COTEGIC PTY. LTD.,BEGA-DL FLYER INV#5306,4793.22,Campaign Material
Liberal,14-03-2023,IMPRESSIVE PRINT GROUP PTY LTD,10000DLS (2ND RUN),1070.3,Campaign Material
Liberal,22-02-2023,HILLSVIEW PACIFIC PTY LTD T/A ZION GRAPHICS,"PRINTING OF 20,000 COPIES OF "" OUR PLAN"" DL FLYER",764.5,Campaign Material
Liberal,23-12-2022,HILLSVIEW PACIFIC PTY LTD T/A ZION GRAPHICS,"PRINTING OF 20,000 COPIES OF INTRODUCTION DLX FLYER",1677.5,Campaign Material
Liberal,20-02-2023,THE LIBERAL PARTY OF AUSTRALIA - NSW DIV (S,TDRUMMOYNE-AUST POST INTRO DLX,7304.59,Campaign Material
Liberal,17-02-2023,ALTO PRINT PTY LTD,HOSPITAL FLYERS DIGITAL PRINT,394.9,Campaign Material
Liberal,21-02-2023,ALTO PRINT PTY LTD,HOSPITAL DL FLYER (EAST HILLS BANKSTOWN HOSPITAL),1730.3,Campaign Material
Liberal,10-02-2023,ALTO PRINT PTY LTD,PRINTING OF MAIN RUN EAST HILLS NORTH OF MILPERRA,962.5,Campaign Material
Liberal,10-02-2023,ALTO PRINT PTY LTD,PRINTING OF MAIN RUN EAST HILLS SOUTH OF MILPERRA,1503.7,Campaign Material
Liberal,03-02-2023,ALTO PRINT PTY LTD,PRINTING OF INITIAL RUN OF EAST HILLS SOUT OF MILPER,309.1,Campaign Material
Liberal,03-02-2023,ALTO PRINT PTY LTD,PRINTING OF INITIAL RUN OF EAST HILLS NORTH OF MILPE,309.1,Campaign Material
Liberal,13-03-2023,GOSFORD PRINTING,"DL'S 5,000 (DEE BOCKING)",396,Campaign Material
Liberal,07-03-2023,GOSFORD PRINTING,DL'S GOSFORD OUR PLAN (2000 X DL FLYERS (DEE & DOMI,330,Campaign Material
Liberal,03-03-2023,HANDS ON PRINT PTY LTD,GOULBURN- DLX FLYERS,467.5,Campaign Material
Liberal,28-02-2023,HANDS ON PRINT PTY LTD,GOULBURN- 3 KINDS DLX CARD,1045,Campaign Material
Liberal,19-01-2023,FATEN AYYAD,INVOICE 39717 - SORRY I MISSED YOU FLYER,1259.5,Campaign Material
Liberal,19-01-2023,FATEN AYYAD,INVOICE 39718 - ABOUT ME DLX FLYER,1388.2,Campaign Material
Liberal,27-02-2023,MATTHEW HARTE,OUR PLAN DL - DL FLYERS KEEP NSW MOVING,678.7,Campaign Material
Liberal,21-12-2022,TONY WOLF PRINTERS PTY LTD,INV#87409 - DL FLYERS FOR THERESE FEDELI,963.6,Campaign Material
Liberal,13-12-2022,TONY WOLF PRINTERS PTY LTD,INV#87364 - THERESE FEDELI : 2 KINDS - DL FLYER,876.7,Campaign Material
Liberal,28-02-2023,TONY WOLF PRINTERS PTY LTD,LEPPINGTON-BROCHURES- OUR PLAN TO KEEP NSW MOVI,1425.6,Campaign Material
Liberal,06-02-2023,THE TRUSTEE FOR SYDNEY DIGITAL & PRINT SER,VMANLY SURF CLUB DL,215.31,Campaign Material
Liberal,23-01-2023,THE TRUSTEE FOR SYDNEY DIGITAL & PRINT SER,VMANLY FAST FERRY DL CARD,248.75,Campaign Material
Liberal,18-01-2023,BLACKER MEDIA PTY LTD,BROCHURE - JAMES GRIFFIN DL - LETTER,1980,Campaign Material
Liberal,09-11-2022,BLACKER MEDIA PTY LTD,JAMES GRIFFIN A4 LETTERS,704,Campaign Material
Liberal,08-03-2023,A1 DESIGN AND PRINT,"PRINTING 32,000 LABOR DLX FLYER",2461.8,Campaign Material
Liberal,08-03-2023,A1 DESIGN AND PRINT,"33,00 HEALTHCARE FLYERS",1738,Campaign Material
Liberal,15-03-2023,A1 DESIGN AND PRINT,"32,000 LABOR ATTACK (3B) FLYER",2461.8,Campaign Material
Liberal,15-03-2023,A1 DESIGN AND PRINT,"32,000 HOW TO VOTE FLYERS - ELENI PETINOS",1694,Campaign Material
Liberal,15-02-2023,SNAPPLEYARD,"PHOTO SHOOT WITH PREMIER, AT COMO BRIDGE",180,Campaign Material
Liberal,13-02-2023,SNAPPLEYARD,"PHOTO SHOOT, OPENING OF MRI AT SUTHERLAND",220,Campaign Material
Liberal,18-02-2023,A1 DESIGN AND PRINT,"3,000 OUR PLAN DL FLYERS - ELENI PETINOS",472.78,Campaign Material
Liberal,01-02-2023,A1 DESIGN AND PRINT,"3,000 TODAY NSW BETTER DLX FLYERS",715,Campaign Material
Liberal,27-02-2023,A1 DESIGN AND PRINT,DL FLYER OUR SHIRE 3 WAY SPLIT (THIS INV#3272 OF $73.,73.7,Campaign Material
Liberal,06-03-2023,THE TRUSTEE FOR SYDNEY DIGITAL & PRINT SER,VRECORD OF DELIVERY DL X 3000,450.63,Campaign Material
Liberal,06-03-2023,THE TRUSTEE FOR SYDNEY DIGITAL & PRINT SER,VLAVENDER BAY HIGH LINE PROJECT DL,701.17,Campaign Material
Liberal,06-03-2023,THE TRUSTEE FOR SYDNEY DIGITAL & PRINT SER,VPROTECTING OUR ENVIRONMENT DL,445.03,Campaign Material
Liberal,10-02-2023,ASAP PRESS PTY. LTD.,POKIES REFORM DL FLYERS,794.97,Campaign Material
Liberal,27-01-2023,FELICITY WILSON,FLYERS FOR STREET STALLS,470.25,Campaign Material
Liberal,02-02-2023,PRINT STATION,SORRY I MISSED YOU FLYERS AND DELIVERY,632.5,Campaign Material
Liberal,02-02-2023,PRINT STATION,A3 POSTER - MARK COURE DESC: 500 A3 FLYER,267.3,Campaign Material
Liberal,03-02-2023,PRINT STATION,"COST OF LIVING SUPPORT DLX FLY (10,000 QTY)",968,Campaign Material
Liberal,02-02-2023,PRINT STATION,"COST OF LIVING SUPPORT DLX FLY (15,000 QTY)",1281.5,Campaign Material
Liberal,06-03-2023,PRINT STATION,"4000 X 4 KINDS DLX DESC: 4000 OATLEY-COMO BRIDGE,",572,Campaign Material
Liberal,06-03-2023,PRINT STATION,4000 X 4 KINDS DLX DESC: 4000 MARKCOURE_DELIVERING,572,Campaign Material
Liberal,06-03-2023,PRINT STATION,4000 X 4 KINDS DLX DESC: 4000 MARKCOURE_DELIVERING,572,Campaign Material
Liberal,06-03-2023,PRINT STATION,4000 X 4 KINDS DLX DESC: 4000 MARKCOURE_DELIVERING,572,Campaign Material
Liberal,16-02-2023,PRINT STATION,25000 X DLX RECORD OF DELIVERY,1952.5,Campaign Material
Liberal,24-12-2022,,CRONULLA CAMPAIGN PO BOX,68,Operations
Liberal,12-02-2023,LESLIE WILLIAMS,"ESSENTIALS PLAN MAILCHIMP 15,000 CONTACTS - FEB 23",254.64,Operations
Liberal,12-03-2023,LESLIE WILLIAMS,"ESSENTIALS PLAN MAILCHIMP 15,000 CONTACTS - MAR 23",268.03,Operations
Liberal,24-03-2023,EASTERN AIR SERVICES PTY LIMITED,AIR FREIGHT FOR SENDING SIGNS TO LORD HOWE ISLAND,41.35,Operations
Liberal,21-03-2023,LESLIE WILLIAMS,STATIONERY (NEWSAGENCY/OFFICE WORK AND AUS POST),22.17,Operations
Liberal,16-01-2023,,PAYMENT FOR CRONULLA CAMPAIGN (OPTUS SIM),30,Operations
Liberal,15-03-2023,MATTHEW CROSS,MAILCHIMP MARCH 2023,371.76,Operations
Liberal,15-02-2023,MATTHEW CROSS,MAILCHIMP EXPENSES PAID ON 15 FEBRUARY 2023,135,Operations
Liberal,10-12-2022,MATTHEW CROSS,MAILCHIMP (EMAIL LIST) EXPENSES PAID ON 10 DECEMBER,43.29,Operations
Liberal,13-01-2023,MATTHEW CROSS,MAILCHIMP (EMAIL LIST) EXPENSES PAID ON 13 JANUARY 2,73.23,Operations
Liberal,03-03-2023,,TEXT MESSAGE CAMPAIGN FOR 250 PAX,70,Operations
Liberal,28-01-2023,,CAMPAIGN OFFICE SUPPLIES,62.18,Operations
Liberal,12-01-2023,,REIMBURSEMENT OF CAMPAIGN OFFICE SUPPLIES,1673.59,Operations
Liberal,17-02-2023,FELICITY WILSON,SMS BROADCAST 17 FEBRUARY,300.3,Operations
Liberal,23-03-2023,,SIM CARD,10,Operations
Liberal,12-01-2023,,DIRECT SMS MARKETING - 600 UNITS @ 0.0800,52.8,Operations
Liberal,17-03-2023,,,163.6,Operations
Liberal,27-02-2023,WILLIAM TYRRELL,ALDI SIM STARTER PACK AND SUBSEQUENT RECHARGE FOR,20,Operations
Liberal,28-10-2022,WILLIAM TYRRELL,POST OFFICE BOX FOR CAMPAIGN,92,Operations
Liberal,08-03-2023,,PURCHASE OF SMS CREDITS TO PROMOTE FLYING SQUAD A,100,Operations
Liberal,24-02-2023,ROBYN PRESTON,REIMBURSEMENT FOR PURCHASE OF ALDI MOBILE FOR 202,25,Operations
Liberal,17-03-2023,,SMS COMMUNICATION (SMSFORSATURDAY18TH),120,Operations
Liberal,28-02-2023,KATIE MULLENS,PARRAMATTA-MAILCHIMP MC16368787 - FEB 2023,45.35,Operations
Liberal,31-03-2023,KATIE MULLENS,PARRAMATTA-MAILCHIMP MC16572103 - MAR 2023,45.6,Operations
Liberal,31-01-2023,KATIE MULLENS,PARRAMATTA-MAILCHIMP MC16177743 - JAN 2023,43.07,Operations
Liberal,20-03-2023,PARAKEELIA PTY LTD,"5,000 SMS PACK",350,Operations
Liberal,19-03-2023,MATTHEW HARTE,A4 MANILLA FOLDERS,5.29,Operations
Liberal,19-03-2023,MATTHEW HARTE,A4 COPY PAPER,27.5,Operations
Liberal,21-03-2023,MATTHEW HARTE,X24 INKJOY PENS,16.99,Operations
Liberal,21-03-2023,MATTHEW HARTE,A4 COPY PAPER,16.5,Operations
Liberal,25-03-2023,,SMS SENT FOR BOOTH CAPTAINS BEFORE 6 PM - TECHNOLO,25,Operations
Liberal,22-03-2023,,STATIONERY FOR BOOTH KITS,9.22,Operations
Liberal,20-03-2023,ROBYN PRESTON,BOOTH KITS AT HOT DOLLAR SHOP,40,Operations
Liberal,24-03-2023,,MAILCHIMP FOR USE DURING 2022- 2023 ELECTION CAMPA,755.09,Operations
Liberal,15-03-2023,,CAMPAIGN POSTAGE,185,Operations
Liberal,17-03-2023,BILL BURST,"STATIONARY, SCISSORS, TAPE",113.5,Operations
Liberal,23-02-2023,TANYA DAVIES,ANIMOTO PROFESSIONAL - 1 MONTH,39,Operations
Liberal,24-03-2023,,PENS AND SCISSORS FOR BOOTH KITS,107.78,Operations
Liberal,24-03-2023,RODERICK AMON,NO CALL VOICEMAILS. EXPENSE RE-IMBURSEMENT FOR ON,766.18,Operations
Liberal,09-02-2023,,"TEXT MESSAGES TO TRADIES, AND VOLUNTEERS DURING T",440,Operations
Liberal,10-03-2023,,EQUIPMENT - TRIPOD AND MICROPHONE,128,Operations
Liberal,28-02-2023,,,70,Operations
Liberal,15-03-2023,BUNORI PTY LTD,BUNORI-FUJI PRINTER LEASE FEB MAR 23,2369.4,Operations
Liberal,15-03-2023,BUNORI PTY LTD,BUNORI-FUJI PAPERS,1000,Operations
Liberal,15-03-2023,BUNORI PTY LTD,BUNORI-OFFICE STATIONERY,1376.59,Operations
Liberal,24-03-2023,CHATTI,CHATTI-ENTERPRISE GRADE MMS SERVICE,1687.95,Operations
Liberal,24-03-2023,CHATTI,CHATTI-ENTERPRISE GRADE MMS SERVICE,1540.33,Operations
Liberal,24-03-2023,CHATTI,CHATTI-ENTERPRISE GRADE MMS SERVICE,3279.1,Operations
Liberal,24-03-2023,CHATTI,CHATTI-ENTERPRISE GRADE MMS SERVICE,2918.28,Operations
Liberal,26-02-2023,Unknown,CAMPAIGN STAFF (VIA CAMPAIGN DIGITAL),7804.5,Staff
Liberal,16-03-2023,Unknown,CAMPAIGN STAFF - SERVICES TO ELECTION 2023,8000,Staff
Liberal,29-03-2023,Unknown,CAMPAIGN MANAGER COSTS TO 25 MARCH 2023,4500,Staff
Liberal,31-12-2022,Unknown,STATE CAMPAIGN STAFF OCT-DEC 22,64847.55,Staff
Liberal,31-01-2023,Unknown,STATE CAMPAIGN STAFF JAN 23,35739.38,Staff
Liberal,24-02-2023,Unknown,STATE CAMPAIGN STAFF FEN 23,144141.1,Staff
Liberal,25-03-2023,Unknown,STATE CAMPAIGN STAFF MAR 23,224543.71,Staff
Liberal,09-03-2023,MULLER COMMERCIAL PTY LTD,LEASE OF PREMISES FOR CAMPAIGN OFFICE,2409,Office
Liberal,16-12-2022,HURLARC PTY LTD T/A WHITEHOUSE REALESTATE,3 MONTHS RENT ON LEASE OF CAMPAIGN OFFICE,7500,Office
Liberal,25-03-2023,THE TRUSTEE FOR MILITARY ROAD CREMORNE U,NRENTAL OF OFFICE ACCOMODATION - 61 DAYS (24 JAN - 25,2178.55,Office
Liberal,13-01-2023,BUNORI PTY LTD,BRIDGE RENT - PITTWATER 23 JAN-31 MAR 2023,10000,Office
Liberal,01-02-2023,BUNORI PTY LTD,PORT CITY COMMERCIAL RENT 28 JAN -27 MAR 23,2389.88,Office
Liberal,20-01-2023,BUNORI PTY LTD,DB ASSET - RYDE OFFICE 20 JAN - 26 MAR 2023 (RENT ONLY,4596.43,Office
Liberal,07-02-2023,BUNORI PTY LTD,MISTLAKE-TERRIGAL OFFICE 21FEB - 29 MAR 23,9616.72,Office
Liberal,25-02-2023,PEGASUS ESTATES,LEASING OF SHOP FOR THE MONTH OF MARCH 2023 FOR A,7150,Office
Liberal,03-02-2023,THE TRUSTEE FOR FRESHWATER MANAGEMENT G,CAMPAIGN OFFICE RENT FROM 5TH FEBRUARY 2023 TO 25,3300,Office
Liberal,25-01-2023,BUNORI PTY LTD,R&W- WILLOUGHBY OFFICE RENT 25 FEB- 4 APR23,11000,Office
Liberal,17-03-2023,,MONTHLY ELECTRICITY ACCOUNT WITH AGL FOR CAMPAIG,130.19,Office
Liberal,25-03-2023,BUNORI PTY LTD,MANLY - ENERGY AUST (BUNORI INVOICE - 20 Jan - 25 Mar,471.68,Office
Liberal,25-03-2023,RODERICK AMON,OFFICE EXPENSES (ELECTRICITY) 62 Days @$3.974/day = $ 2,246.39,Office
Liberal,23-01-2023,BUNORI PTY LTD,CAMPAIGN OFFICE RENT JAN-MAR 23,62484.65,Office
Liberal,15-03-2023,BUNORI PTY LTD,MAIN OFFICE RENT FEB MAR 23,17826.09,Office
Liberal,20-03-2023,,FUEL FOR UTE THROUGH ELECTION WEEK,98.73,Travel
Liberal,23-03-2023,,FUEL FOR UTE THROUGH ELECTION WEEK,95.71,Travel
Liberal,08-03-2023,CRAIG CHUNG,KOGARAH- ORANA CAR RENTAL,1675.5,Travel
Liberal,25-03-2023,,PETROL TO TRAVEL TO CARDIFF TO PICK UP LOCAL SPECIFIC,116.76,Travel
Liberal,11-03-2023,,NATHAN BRACKEN CAMPAIGN LAUNCH - ROOM HIRE 11-03,150,Travel
Liberal,09-03-2023,THE TRUSTEE FOR KKS AUSTRALIA TRUST,VAN HIRE FOR CORFLUTES DELIVERY - TOYOTA CY68CF (THE,378,Travel
Liberal,09-03-2023,THE TRUSTEE FOR KKS AUSTRALIA TRUST,VAN HIRE FOR CORFLUTES DELIVERY - TOYOTA CW48CO (TH,378,Travel
Liberal,24-03-2023,,TRAVEL FOR ELECTION (RETURN) - DELIVER HTV AND ELECT,362.88,Travel
Liberal,15-02-2023,JD'S AT WOOLOOWARE GOLF CLUB,ROOM HIRE FOR MARK SPEAKMAN CAMPAIGN LAUNCH AT,200,Travel
Liberal,22-03-2023,JAM RENTALS PTY LTD,HEFFRON - CATERING FOR CAMPAIGN LAUNCH,500,Travel
Liberal,06-03-2023,MATTHEW CROSS,GOGET LOVITA THE SPORTAGE 6 HOURS 30 MINUTES $124,124,Travel
Liberal,14-03-2023,MONDAY VIBES PTY LTD T/A @MONDAYS,CAFE VENUE FOR CAMPAIGN LAUNCH,600,Travel
Liberal,13-02-2023,GLENBRACK PTY LTD,CANAPES FOR WORLD PRIDE LAUNCH,509.09,Travel
Liberal,22-02-2023,SOUTH SYDNEY JUNIOR RUGBY LEAGUE CLUB LTD,MAROUBRA CAMPAIGN LAUNCH EVENT CATERING 23 FEB 2,1400,Travel
Liberal,02-03-2023,,CATERING - DRINKS FOR CAMPAIGN LAUNCH ON 03 MARCH,767.97,Travel
Liberal,03-03-2023,,THANK YOU GIFT FOR JILLIAN SKINNER AT CAMPAIGN LAUN,199.75,Travel
Liberal,03-03-2023,,CATERING FOR CAMPAIGN LAUNCH EVENT ON FRIDAY 3 M,2176.25,Travel
Liberal,09-03-2023,WIZARD SALES & MARKETING MACHINE PTY LTD,DEPOSIT PAID - THE ENTRANCE CAMPAIGN LAUNCH - DIGG,200,Travel
Liberal,25-03-2023,,FUEL FOR VAN,82.21,Travel
Liberal,22-03-2023,,VAN HIRE (PICK UP 22 MAR - 25 MAR 2023) FULL DAY PICK,317.28,Travel
Liberal,25-03-2023,,PETROL FOR CRONULLA CAMPAIGN VAN,85.87,Travel
Liberal,15-03-2023,,RENTAL _ VEHICLE DURING CAMPAIGN,1133.35,Travel
Liberal,05-03-2023,,PETROL FOR CAR USED IN CAMPAIGN,92.73,Travel
Liberal,24-03-2023,,FUEL EXPENSES FOR ELECTION CAMPAIGN,275.97,Travel
Liberal,24-03-2023,,PETROL FOR TIM JAMES CAMPAIGN VAN,150.5,Travel
Liberal,16-03-2023,,RENTAL FOR THE TIM JAMES CAMPAIGN VAN (USED BETWE,630,Travel
Liberal,24-03-2023,,CAR PARKING FOR 4 DAYS - ASSISTANCE ON PRE-POLL,240,Travel
Liberal,16-03-2023,,UBER PAYMENT FOR AN ASSISTANT ON PRE-POLL - 16 MAR,16.52,Travel
Liberal,16-03-2023,,UBER PAYMENT FOR AN ASSISTANT ON PRE-POLL - 16 MAR,10.63,Travel
Liberal,24-03-2023,,PETROL - FOR CAMPAIGN,90.73,Travel
Liberal,25-03-2023,,FUEL (PREMUIM 38) - ELECTION DAY,80.73,Travel
Liberal,20-03-2023,,ACCOMODATION,990,Travel
Liberal,25-03-2023,,PETROL ULP 91 - AMPOL (FOR CAMPAIGN),25,Travel
Liberal,22-03-2023,,REIMBURSEMENT OF AN UBER - ASSISTANCE PRE-POLL,62.71,Travel
Liberal,17-03-2023,,UBER PAYMENT FOR AS ASSISTANCE ON PRE-POLL - 17 MA,43.18,Travel
Liberal,23-03-2023,,UBER PAYMENT FOR AS ASSISTANCE ON PRE-POLL - 23 MA,41.33,Travel
Liberal,24-03-2023,,UBER PAYMENT FOR AS ASSISTANCE ON PRE-POLL - 24 MA,12.26,Travel
Liberal,22-03-2023,,1 DAY CAR PARKING RECEIPT - AS ASSISTANCE ON PRE-POL,60,Travel
Liberal,23-03-2023,JOEL JOHNSON,FUEL IN FERRYING GOODS AND CAMPAIGNERS FOR DOORK,452.66,Travel
Liberal,21-02-2023,,FUEL EXPENDITURE - DISPLAYING OF CORFLUTES AND TRAV,674.37,Travel
Liberal,03-02-2023,,CAMPAIGN CAR PARKING EXPENSES,24.7,Travel
Liberal,03-03-2023,,,137.7,Travel
Liberal,12-03-2023,,,52.88,Travel
Liberal,19-03-2023,,,87,Travel
Liberal,12-03-2023,,,7.98,Travel
Liberal,20-03-2023,,,12,Travel
Liberal,20-03-2023,,,12.4,Travel
Liberal,21-03-2023,,,37.5,Travel
Liberal,21-03-2023,,,38.18,Travel
Liberal,16-02-2023,,"SEAT POLL FOR HORNSBY N=600, WITH ANALYSIS",14135,Research
Liberal,22-03-2023,,POLLING,1650,Research
Liberal,27-10-2022,C | T GROUP (CROSBY/TEXTOR),CT GROUP-QUALITATIVE VALUES ARCHITECTURE,82500,Research
Liberal,29-11-2022,C | T GROUP (CROSBY/TEXTOR),CT GROUP-QUANTITATIVE VALUES ARCHITECTURE,66000,Research
Liberal,29-11-2022,C | T GROUP (CROSBY/TEXTOR),CT GROUP-LIVERPOOL SPOT POLL,24588.3,Research
Liberal,22-12-2022,C | T GROUP (CROSBY/TEXTOR),CT GROUP-SEAT SPOT POLL COOGEE,23309,Research
Liberal,22-12-2022,C | T GROUP (CROSBY/TEXTOR),CT GROUP-SEAT SPOTPOLL GOULBURN SEC,23309,Research
Liberal,22-12-2022,C | T GROUP (CROSBY/TEXTOR),CT GROUP-SEAT SPOTPOLL LANE COVE SEC,23309,Research
Liberal,22-12-2022,C | T GROUP (CROSBY/TEXTOR),CT GROUP-BENCHMARK POLL MANLY,37369.2,Research
Liberal,22-12-2022,C | T GROUP (CROSBY/TEXTOR),CT GROUP-SEAT SPOTPOLL SOUTH COAST SEC,23309,Research
Liberal,22-12-2022,C | T GROUP (CROSBY/TEXTOR),CT GROUP-SEAT SPOTPOLL WINSTON HILLS,23309,Research
Liberal,22-12-2022,C | T GROUP (CROSBY/TEXTOR),CT GROUP-SEAT SPOTPOLL VAUCLUS SEC,23309,Research
Liberal,31-01-2023,C | T GROUP (CROSBY/TEXTOR),CT GROUP-BENCHMARK PENRITH THE ENTRANCE EAST HILL,149476.8,Research
Liberal,31-01-2023,C | T GROUP (CROSBY/TEXTOR),CT GROUP-CREATIVE TESTING GROUP HURSTVILLE DECEMB,18150,Research
Liberal,31-01-2023,C | T GROUP (CROSBY/TEXTOR),CT GROUP-SPOT POLL PITTWATER NORTH SHORE BEGA CA,172118.1,Research
Liberal,31-01-2023,C | T GROUP (CROSBY/TEXTOR),CT GROUP-INITIAL MARGINAL SEAT TRACK,52164.2,Research
Liberal,31-01-2023,C | T GROUP (CROSBY/TEXTOR),CT GROUP-CREATIVE TESTING GROUP PARRAMATTA DECEM,18150,Research
Liberal,28-02-2023,C | T GROUP (CROSBY/TEXTOR),CT GROUP-BENCHMARK LEPPINGTON,37369.2,Research
Liberal,28-02-2023,C | T GROUP (CROSBY/TEXTOR),CT GROUP-BENCHMARK RYDE,37369.2,Research
Liberal,28-02-2023,C | T GROUP (CROSBY/TEXTOR),CT GROUP-BENCHMARK WILLOUGHBY,37369.2,Research
Liberal,28-02-2023,C | T GROUP (CROSBY/TEXTOR),CT GROUP-BENCHMARK DRUMMOYNE,37369.2,Research
Liberal,28-02-2023,C | T GROUP (CROSBY/TEXTOR),CT GROUP-BENCHMARK HOLSWORTHY,37369.2,Research
Liberal,28-02-2023,C | T GROUP (CROSBY/TEXTOR),CT GROUP-CREATIVE TESTING GROUPS PARRAMATTA JANU,18150,Research
Liberal,28-02-2023,C | T GROUP (CROSBY/TEXTOR),CT GROUP-CREATIVE TESTING GROUP NORTH SYDNEY FEBR,18150,Research
Liberal,28-02-2023,C | T GROUP (CROSBY/TEXTOR),CT GROUP-CAMPAIGN FOCUS GROUPS WAVE 1 SOUTH SYD,18150,Research
Liberal,28-02-2023,C | T GROUP (CROSBY/TEXTOR),CT GROUP-CAMPAIGN FOCUS GROUPS WAVE 1 WESTERN S,18150,Research
Liberal,28-02-2023,C | T GROUP (CROSBY/TEXTOR),CT GROUP-SPOT POLL PARRAMATTA,24588.3,Research
Liberal,28-02-2023,C | T GROUP (CROSBY/TEXTOR),CT GROUP-SPOT POLL LONDONDERRY,24588.3,Research
Liberal,28-02-2023,C | T GROUP (CROSBY/TEXTOR),CT GROUP-SPOT POLL RIVERSTONE,24588.3,Research
Liberal,28-02-2023,C | T GROUP (CROSBY/TEXTOR),CT GROUP-SPOT POLL WAKEHURST,24588.3,Research
Liberal,28-02-2023,C | T GROUP (CROSBY/TEXTOR),CT GROUP-SPOT POLL BADGERYS CREEK,24588.3,Research
Liberal,28-02-2023,C | T GROUP (CROSBY/TEXTOR),CT GROUP-PRE-CAMPAIGN MARGINAL SEAT TRACK 2,45136.3,Research
Liberal,28-02-2023,C | T GROUP (CROSBY/TEXTOR),CT GROUP-CAMPAIGN MARGINAL SEAT TRACK 50% OF TOT,368008.3,Research
Liberal,06-03-2023,C | T GROUP (CROSBY/TEXTOR),CT GROUP-CAMPAIGN FOCUS GROUPS WAVE 3 ONLINE RE,18150,Research
Liberal,13-03-2023,C | T GROUP (CROSBY/TEXTOR),CT GROUP-CAMPAIGN FOCUS GROUPS WAVE 4 WESTERN S,18150,Research
Liberal,30-03-2023,C | T GROUP (CROSBY/TEXTOR),CT GROUP-CAMPAIGN MARGINAL SEAT TRACK 50% OF TOT,368008.3,Research
Liberal,30-03-2023,C | T GROUP (CROSBY/TEXTOR),CT GROUP-SPOT POLL DAVIDSON,1870,Research
Liberal,30-03-2023,C | T GROUP (CROSBY/TEXTOR),CT GROUP-SPOT POLL KIAMA,1870,Research
Liberal,30-03-2023,C | T GROUP (CROSBY/TEXTOR),CT GROUP-TEAL SEAT BENCHMARK LANE COVE,24113.98,Research
Liberal,30-03-2023,C | T GROUP (CROSBY/TEXTOR),CT GROUP-TEAL SEAT BENCHMARK NORTH SHORE,24113.98,Research
Liberal,30-03-2023,C | T GROUP (CROSBY/TEXTOR),CT GROUP-TEAL SEAT BENCHMARK PITTWATER,24113.98,Research
Liberal,30-03-2023,C | T GROUP (CROSBY/TEXTOR),CT GROUP-TEAL SEAT BENCHMARK WAKEHURST,24113.98,Research
Liberal,30-03-2023,C | T GROUP (CROSBY/TEXTOR),CT GROUP-TEAL SEAT BENCHMARK WILLOUGHBY,24113.98,Research
Liberal,09-03-2023,BALGOWLAH RSL MEMORIAL CLUB,"ROOM HIRE - TOTAL OF $4,820 (FIRST DEPOSIT $500)",500,Fundraising
Liberal,04-12-2022,BLACKER MEDIA PTY LTD,PHOTOGRAPHY OF SEC CHRISTMAS PARTY,660,Fundraising
Liberal,10-02-2023,THERESE FEDELI,LEPPINGTON-AUSTRAL BOWLING CLUB (CAMPAIGN - FOOD,225,Fundraising
Liberal,15-02-2023,OAKDALE WORKERS SPORTING & RECREATION CL,CATERING - FOR FUNCTION SATURDAY 18 FEBRUARY 2023,550,Fundraising
Liberal,18-02-2023,NATHANIEL SMITH,BAR TAB AT OAKDALE WORKERS SPORTING & RECREATION,472.7,Fundraising
Liberal,22-11-2022,,FUNDRAISING ORGANISATION WITH END TO END - DATAB,3135,Fundraising
Liberal,22-11-2022,,FUNDRAISING ORGANISATION WITH END TO END - DATAB,4950,Fundraising
Liberal,02-02-2023,,FUNDRAISING ORGANISATION WITH END TO END - DATAB,2475,Fundraising
Liberal,22-11-2022,,FUNDRAISING ORGANISATION WITH END TO END - DATAB,6380,Fundraising
Liberal,07-01-2023,,FUNDRAISING ORGANISATION WITH END TO END - DATAB,3531,Fundraising
Liberal,19-10-2022,THE LEGISLATURE T/A PARLIAMENT OF NSW (FO,OCOST OF FUNCTION,2961,Fundraising
Liberal,20-09-2022,TATTERSALLS CLUB,EVENT: SPEAKERS SERIES - BREAKFAST,741,Fundraising
Liberal,27-02-2023,ROYAL OAK HOTEL BALMAIN,PLATTERS OF FOOD & SOFT DRINK,660,Fundraising
Liberal,15-03-2023,BARBARA ENTERPRISES PTY LTD,FOOD FOR FUNDRAISER DINNER,1267.2,Fundraising
Liberal,21-02-2023,BARRY MOFFITT PTY LIMITED & C.B MOFFITT,CATERING FOR EVENT ON 4 FEB 23,7560,Fundraising
Liberal,25-10-2022,WONDERFUL CUISINE CATERING COMPANY PTY L,DINNER WITH TONY ABBOTT (DINNER PACKAGE),4125,Fundraising
Liberal,25-10-2022,WOOLLAHRA GOLF CLUB LTD,DINNER WITH TONY ABBOTT MEETING ROOM HIRE,300,Fundraising
Liberal,25-10-2022,WOOLLAHRA GOLF CLUB LTD,DINNER WITH TONY ABBOTT DRINKS AND TABLECLOTHS,648,Fundraising
Liberal,07-08-2022,NORTHBRIDGE GOLF CLUB LTD,CATERING FOR AFTERNOON TEA EVENT,744,Fundraising
Liberal,15-08-2022,,REIMBURSE EXPENSES INCURRED BY R L,925,Fundraising
Liberal,01-12-2022,F & I PTY. LTD.,PAYMENT FOR CATERING FOR THE CONCORD WEST CHRIST,625,Fundraising
Liberal,19-02-2023,F & I PTY. LTD.,CATERING INVOICE FOR CONCORD WEST BRANCH FUNDRA,1824,Fundraising
Liberal,22-02-2023,,FOOD AND DRINK REFRESHMENTS FOR FUNCTION,3587.47,Fundraising
Liberal,22-02-2023,KWIK KOPY BONDI JUNCTION,PLACE NAMES AND MENUS FOR FUND,127.56,Fundraising
Liberal,21-09-2022,THE LEGISLATURE T/A PARLIAMENT OF NSW (FO,OFOOD AND BEVERAGE EXPENSES,8955.7,Fundraising
Liberal,10-12-2022,,"FOOD, SOFT BEVERAGES, SERVING UTENSILS FOR CRONULL",407.16,Fundraising
Liberal,11-12-2022,,BEVERAGE AND ICE PURCHASES FOR CHRISTMAS FUNCTIO,191.3,Fundraising
Liberal,15-11-2022,THE LEGISLATURE T/A PARLIAMENT OF NSW (FO,OSPEAKMAN END OF PARLIAMENT BOARD ROOM DINNER N,2570,Fundraising
Liberal,22-02-2023,UNION UNVERSITY & SCHOOLS CLUB (UUSC),PAYMENT FOR BOARDROOM LUNCH WITH,1954,Fundraising
Liberal,19-02-2023,MATTHEW CROSS,5KG BAG OF ICE FOR GARDEN PARTY,13.5,Fundraising
Liberal,01-02-2023,,RESTAURANT EXPENSES TO COVER DINNER FUNDRAISING E,1453.5,Fundraising
Liberal,20-02-2023,,ACATERING FOR LIBERAL FRIENDS OF ISRAEL GARDEN PARTY,2000,Fundraising
Liberal,14-12-2022,MARHOP PTY. LIMITED T/A GREENGATE HOTEL,VENUE AND CATERING COSTS FOR FUNDRAISING EVENT,1680.75,Fundraising
Liberal,25-08-2022,,WINE BUCKET AS 15 YEAR GIFT FOR JONATHAN O'DEA,89.95,Fundraising
Liberal,10-09-2022,,HARRIS FARM - ASSORTED INGREDIENTS FOR 15 YEAR CAKE,138.36,Fundraising
Liberal,16-09-2022,,HARRIS FARM - THANK YOU FLOWERS FOR EVENT (MIX BU,70,Fundraising
Liberal,14-09-2022,SAMUEL NGAI,BOOKS AND GIFT BOX FROM NSW PARLIAMENT HOUSE (RA,276,Fundraising
Liberal,09-09-2022,SAMUEL NGAI,RAFFLE TICKET BOOKS,37.97,Fundraising
Liberal,16-09-2022,ROSEVILLE GOLF CLUB LTD,"ROOM HIRE, 2 COURSE MEALS FOR 200 GUESTS",17920,Fundraising
Liberal,15-09-2022,ROSEVILLE GOLF CLUB LTD,"2 COURSE MENU, CAKEAGE AND WELCOME DRINK FOR 2 E",160,Fundraising
Liberal,06-07-2022,ROSEVILLE GOLF CLUB LTD,DEPOSIT FOR LIBERAL PARTY DINNER ON 16/09/2022,1000,Fundraising
Liberal,12-02-2023,THE PADSTOW BOWLING & RECREATION CLUB,BLUE HAWAIIAN FUND RAISER,2099.7,Fundraising
Liberal,20-10-2022,,REIMBURSEMENT OF EXPENSES TO MARISE PAYNE LUNCHE,1087.92,Fundraising
Liberal,10-10-2022,RURAL PRESS PTY LIMITED,INSERT GREAT LAKES ADVOCATE FOR MID COAST LIBERALS,194,Fundraising
Liberal,05-03-2023,,"GARDEN PARTY DRINKS, BEER & ICE",136.5,Fundraising
Liberal,05-03-2023,,"GARDEN PARTY EXPENSES, FOOD AND REFRESHMENTS AS",427.54,Fundraising
National,14-03-2023,Allsopp Signs,Signage,954.8,Advertising
National,22-12-2022,Bathurst Signs and Screenprint,Signage,1084.11,Advertising
National,06-02-2023,Central Commercial Printers Pty Ltd,Signage,3718,Advertising
National,17-10-2022,Extreme Marquees Pty Ltd,Signage,2613.7,Advertising
National,20-01-2023,Extreme Marquees Pty Ltd,Signage,932.84,Advertising
National,11-01-2023,Extreme Marquees Pty Ltd,Signage,932.84,Advertising
National,02-02-2023,Hunter Valley Printing,Signage,115.01,Advertising
National,23-02-2023,IC Signs,Signage,990,Advertising
National,07-03-2023,Insane Signs & Print,Signage,739.2,Advertising
National,07-03-2023,Insane Signs & Print,Signage,3696,Advertising
National,07-03-2023,Insane Signs & Print,Signage,3696,Advertising
National,07-03-2023,Insane Signs & Print,Signage,3696,Advertising
National,07-03-2023,Insane Signs & Print,Signage,3696,Advertising
National,07-03-2023,Insane Signs & Print,Signage,2956.8,Advertising
National,07-03-2023,Insane Signs & Print,Signage,1848,Advertising
National,07-03-2023,Insane Signs & Print,Signage,3696,Advertising
National,07-03-2023,Insane Signs & Print,Signage,3696,Advertising
National,07-03-2023,Insane Signs & Print,Signage,3696,Advertising
National,07-03-2023,Insane Signs & Print,Signage,3696,Advertising
National,07-03-2023,Insane Signs & Print,Signage,1848,Advertising
National,07-03-2023,Insane Signs & Print,Signage,3696,Advertising
National,07-03-2023,Insane Signs & Print,Signage,3696,Advertising
National,07-03-2023,Insane Signs & Print,Signage,1848,Advertising
National,07-03-2023,Insane Signs & Print,Signage,3696,Advertising
National,07-03-2023,Insane Signs & Print,Signage,1848,Advertising
National,09-02-2023,J.G. Lines & Designs,Signage,2464,Advertising
National,09-03-2023,Leader Graphics,Signage,127.5,Advertising
National,17-03-2023,Leader Graphics,Signage,127.5,Advertising
National,09-03-2023,Robyn Thomas,Signage,534.28,Advertising
National,23-03-2023,STT Advertising,Signage,3300,Advertising
National,21-12-2022,The Sign Shop,Signage,2667.5,Advertising
National,21-12-2022,The Sign Shop,Signage,2667.5,Advertising
National,09-01-2023,3G Printing & Graphics,Corflutes,6500,Advertising
National,19-01-2023,Lismore Men and Community Shed,Corflutes,160,Advertising
National,03-01-2023,Bunnings,Corflutes,299.24,Advertising
National,15-03-2023,Bunnings,Corflutes,241.42,Advertising
National,27-01-2023,AM Printing Services,Corflutes,5461.5,Advertising
National,28-01-2023,Vane Tempest Bros,Corflutes,26.46,Advertising
National,28-01-2023,Owens Rural Supplies,Corflutes,23,Advertising
National,25-02-2023,Adkins Hardware,Corflutes,21.15,Advertising
National,15-02-2023,Mitre 10,Corflutes,9.5,Advertising
National,08-03-2023,Reject Shop,Corflutes,26,Advertising
National,11-12-2022,Aldi,Corflutes,20.97,Advertising
National,22-12-2022,Bunnings,Corflutes,57.81,Advertising
National,29-12-2022,Bunnings,Corflutes,21.21,Advertising
National,31-12-2022,Aldi,Corflutes,10.02,Advertising
National,12-01-2023,Bunnings,Corflutes,33.28,Advertising
National,18-01-2023,Bunnings,Corflutes,133.08,Advertising
National,13-03-2023,Aldi,Corflutes,34.95,Advertising
National,12-03-2023,Bunnings,Corflutes,19.94,Advertising
National,14-03-2023,Bunnings,Corflutes,71.53,Advertising
National,15-03-2023,Bunnings,Corflutes,60.78,Advertising
National,17-01-2023,Central Commercial Printers Pty Ltd,Corflutes,3190,Advertising
National,03-02-2023,Cessnock Print Place,Corflutes,3190,Advertising
National,07-03-2023,Chambers Whyte Design & Print,Corflutes,403.7,Advertising
National,02-02-2023,Chambers Whyte Design & Print,Corflutes,6275.5,Advertising
National,24-01-2023,Dubbo Printing Works Pty Ltd,Corflutes,6454.8,Advertising
National,02-03-2023,Blayney A & P Association INC,Forums/Events,46,Campaign Material
National,03-02-2023,BOC Limited,Forums/Events,545.59,Campaign Material
National,24-02-2023,BOC Limited,Forums/Events,564,Campaign Material
National,26-02-2023,BOC Limited,Forums/Events,4.09,Campaign Material
National,03-03-2023,BOC Limited,Forums/Events,545.59,Campaign Material
National,10-03-2023,BOC Limited,Forums/Events,545.59,Campaign Material
National,17-03-2023,BOC Limited,Forums/Events,545.59,Campaign Material
National,26-02-2023,BOC Limited,Forums/Events,18.03,Campaign Material
National,04-03-2023,BOOROWA SHOW SOCIETY INC,Forums/Events,30,Campaign Material
National,25-02-2023,Marine Rescue NSW,Forums/Events,28,Campaign Material
National,02-03-2023,R & K Gas and Camping,Forums/Events,180,Campaign Material
National,23-12-2022,Cooma Pastoral & Agricultural Society,Forums/Events,700,Campaign Material
National,19-01-2023,Cooma Pastoral & Agricultural Society,Forums/Events,65,Campaign Material
National,22-01-2023,Dalgety Show Society Inc,Forums/Events,500,Campaign Material
National,24-02-2023,Spotlight,Forums/Events,170.01,Campaign Material
National,18-02-2023,Gulgong Show Society,Forums/Events,44,Campaign Material
National,17-02-2023,HUNTER RIVER AGRICULTURAL &,Forums/Events,264,Campaign Material
National,17-03-2023,Lithgow Show Society Inc,Forums/Events,25,Campaign Material
National,26-02-2023,Unkya Market,Forums/Events,20,Campaign Material
National,10-02-2023,Midcoast Council,Conference/Events,500,Campaign Material
National,10-02-2023,Midcoast Council,Forums/Events,1210,Campaign Material
National,24-02-2023,MOORLAND RECREATION RESERVE LAND,Forums/Events,100,Campaign Material
National,04-03-2023,Mudgee Show Society Incorporated,Forums/Events,140,Campaign Material
National,26-02-2023,Murwillumbah Show,Forums/Events,40,Campaign Material
National,02-01-2023,Murwillumbah Market,Forums/Events,40,Campaign Material
National,20-10-2022,North Coast National A & I Society Inc.,Forums/Events,550,Campaign Material
National,09-03-2023,Northern Agricultural Association Inc,Forums/Events,200,Campaign Material
National,02-03-2023,R & K Gas and Camping,Forums/Events,180,Campaign Material
National,23-01-2023,RYDAL & DISTRICT AGRICULTURAL,Forums/Events,20,Campaign Material
National,25-02-2023,Rylstone-Kandos Show Society Inc,Forums/Events,80,Campaign Material
National,03-03-2023,Tamworth Pastoral and Agricultural,Forums/Events,110,Campaign Material
National,07-01-2023,Marine Rescue NSW,Forums/Events,20,Campaign Material
National,04-02-2023,Wingham Market,Forums/Events,20,Campaign Material
National,18-02-2023,Lions Club of Manning River Inc,Forums/Events,30,Campaign Material
National,26-02-2023,Old Bar Markets,Forums/Events,25,Campaign Material
National,25-02-2023,Nabiac Farmers Market,Forums/Events,30,Campaign Material
National,04-03-2023,Taree High Tuckshop,Forums/Events,25,Campaign Material
National,12-03-2023,Forster Markets,Forums/Events,27,Campaign Material
National,25-11-2022,The Dorrigo and Guy Fawkes Agricultural,Forums/Events,50,Campaign Material
National,11-02-2023,The Valley Markets,Forums/Events,45,Campaign Material
National,25-11-2022,Warren Jockey Club,Forums/Events,371,Campaign Material
National,10-02-2023,Lets Get Baked,Forums/Events,425,Campaign Material
National,02-03-2023,PT Trade Supplies,Forums/Events,17.5,Campaign Material
National,19-03-2023,Manning River Lions,Forums/Events,30,Campaign Material
National,09-02-2023,PT Trade Supplies,Forums/Events,280.01,Campaign Material
National,07-02-2023,Woolworths,Forums/Events,84,Campaign Material
National,28-01-2023,Beachside Markets,Forums/Events,30,Campaign Material
National,14-03-2023,Upper Hunter Show Inc,Forums/Events,25,Campaign Material
National,24-03-2023,Elton Ward Creative Pty Ltd,Graphic Design,1438.8,Campaign Material
National,24-03-2023,Elton Ward Creative Pty Ltd,Graphic Design,1438.8,Campaign Material
National,24-03-2023,Elton Ward Creative Pty Ltd,Graphic Design,1438.8,Campaign Material
National,24-03-2023,Elton Ward Creative Pty Ltd,Graphic Design,1438.8,Campaign Material
National,24-03-2023,Elton Ward Creative Pty Ltd,Graphic Design,1438.8,Campaign Material
National,06-01-2023,Officeworks,Stationery,171.56,Operations
National,05-03-2023,Officeworks,Stationery,12.5,Operations
National,08-02-2023,Officeworks,Stationery,92.36,Operations
National,22-02-2023,Officeworks,Stationery,81.96,Operations
National,25-02-2023,Marketown Newsagency,Stationery,8.1,Operations
National,28-02-2023,Officeworks,Stationery,51.38,Operations
National,22-03-2023,Officeworks,Stationery,32.54,Operations
National,15-03-2023,Office Choice,Stationery,58.28,Operations
National,22-03-2023,Top End Newsagency,Stationery,30.5,Operations
National,22-03-2023,Big W,Stationery,7.5,Operations
National,24-03-2023,Big W,Stationery,18.25,Operations
National,21-02-2023,Officeworks,Stationery,556.5,Operations
National,17-03-2023,Kmart,Stationery,7,Operations
National,18-03-2023,Coles,Stationery,6,Operations
National,24-01-2023,Officeworks,Stationery,298.27,Operations
National,25-01-2023,Officeworks,Stationery,267.75,Operations
National,01-03-2023,Officeworks,Stationery,406,Operations
National,03-03-2023,Officeworks,Stationery,52.12,Operations
National,04-03-2023,Kmart,Stationery,108.5,Operations
National,10-02-2023,Officeworks,Stationery,148,Operations
National,10-02-2023,Officeworks,Stationery,161.84,Operations
National,10-02-2023,Officeworks,Stationery,89.53,Operations
National,03-02-2023,Officeworks,Stationery,42.78,Operations
National,19-01-2023,3G Printing & Graphics,Stationery-candidate,155,Operations
National,11-03-2023,Office Choice,Stationery-candidate,110.04,Operations
National,14-02-2023,Cessnock Print Place,Stationery-candidate,167,Operations
National,24-01-2023,Chambers Whyte Design & Print,Stationery-candidate,168.3,Operations
National,06-12-2022,Grafton Print,Stationery-candidate,190.4,Operations
National,11-01-2023,Jabiru Printing,Stationery-candidate,205,Operations
National,31-12-2022,Lismore City Printery Pty Ltd,Stationery-candidate,149,Operations
National,16-01-2023,Matrix Printing,Stationery-candidate,125,Operations
National,12-03-2023,Matrix Printing,Stationery-candidate,121,Operations
National,29-11-2022,Print Storm,Stationery-candidate,219,Operations
National,20-10-2022,Progress Printing West Pty Ltd,Stationery-candidate,176,Operations
National,15-11-2022,Progress Printing West Pty Ltd,Stationery-candidate,176,Operations
National,26-10-2022,Summit Press Printing,Stationery-candidate,198,Operations
National,31-10-2022,Sunne Printing Services Pty Ltd,Stationery-candidate,110,Operations
National,27-01-2023,Sunne Printing Services Pty Ltd,Stationery-candidate,139,Operations
National,07-02-2023,Australia Post,PVA's - Postage,28.86,Operations
National,03-11-2022,Australia Post,Postage-general,101.9,Operations
National,08-11-2022,Australia Post,Postage-general,66.5,Operations
National,23-11-2022,Australia Post,Postage-general,16.65,Operations
National,03-11-2022,Australia Post,Postage-general,7.1,Operations
National,03-01-2023,Australia Post,Postage-general,2.18,Operations
National,17-01-2023,Australia Post,Postage-general,38.85,Operations
National,13-01-2023,Australia Post,Postage-general,57,Operations
National,19-01-2023,Australia Post,Postage-general,5.7,Operations
National,20-01-2023,Australia Post,Postage-general,2.28,Operations
National,20-01-2023,Australia Post,Postage-general,1.14,Operations
National,18-01-2023,Australia Post,Postage-general,30.78,Operations
National,20-01-2023,Australia Post,Postage-general,1.14,Operations
National,20-01-2023,Australia Post,Postage-general,1.14,Operations
National,20-01-2023,Australia Post,Postage-general,1.14,Operations
National,20-01-2023,Australia Post,Postage-general,1.14,Operations
National,13-02-2023,Unknown,Campaign related work,2762.5,Staff
National,13-02-2023,Unknown,Campaign related work,2550,Staff
National,20-02-2023,Unknown,Campaign related work,4611.24,Staff
National,13-02-2023,Unknown,Campaign related work,7649.99,Staff
National,01-10-2022,Unknown,Campaign related work,257362.32,Staff
National,27-02-2023,Unknown,Campaign related work,1750,Staff
National,09-03-2023,Unknown,Campaign related work,2000,Staff
National,20-03-2023,Unknown,Campaign related work,1250,Staff
National,13-02-2023,Unknown,Campaign related work,3750,Staff
National,20-03-2023,Unknown,Campaign related work,750,Staff
National,25-03-2023,Unknown,Campaign related work,250,Staff
National,13-02-2023,Unknown,Campaign related work,3750,Staff
National,20-03-2023,Unknown,Campaign related work,750,Staff
National,13-02-2023,ANDREW MCDONALD COMMERCIAL -,Office Rental,5335,Office
National,08-02-2023,Ballina RSL Club Limited,Office Rental,2250,Office
National,01-02-2023,Benchmark Property Advisory Pty Ltd,Office Rental,1416.25,Office
National,01-03-2023,Benchmark Property Advisory Pty Ltd,Office Rental,1142.14,Office
National,13-02-2023,LE CLAYTON-SPRAY,Office Rental,1100,Office
National,16-01-2023,Dokimos Pty Limited,Office Rental,3575,Office
National,23-01-2023,Dokimos Pty Limited,Office Rental,3575,Office
National,01-12-2022,First National Commercial Shultz\ Taree,Office Rental,941.9,Office
National,01-01-2023,First National Commercial Shultz\ Taree,Office Rental,941.9,Office
National,01-02-2023,First National Commercial Shultz\ Taree,Office Rental,941.9,Office
National,01-03-2023,First National Commercial Shultz\ Taree,Office Rental,759.59,Office
National,13-02-2023,J AND K MCCABE INVESTMENTS UNIT TRUST,Office Rental,4766.66,Office
National,13-03-2023,J AND K MCCABE INVESTMENTS UNIT TRUST,Office Rental,2921.5,Office
National,01-02-2023,J AND K MCCABE INVESTMENTS UNIT TRUST,Office Rental,189.75,Office
National,01-01-2023,Knight Frank Australia Pty Ltd,Office Rental,9900,Office
National,13-02-2023,Knight Frank Wagga Wagga,Office Rental,7700,Office
National,01-02-2023,Majeti Pty Ltd,Office Rental,10450,Office
National,23-01-2023,Park Beach Plaza,Office Rental,2000,Office
National,27-01-2023,Raine & Horne Bathurst,Office Rental,5280,Office
National,15-02-2023,All Signs & Graphics,Office Signage,4438.5,Office
National,28-02-2023,Allsopp Signs,Office Signage,1536.15,Office
National,13-02-2023,Central Commercial Printers Pty Ltd,Office Signage,2200,Office
National,13-02-2023,Central Commercial Printers Pty Ltd,Office Signage,1408,Office
National,03-02-2023,KEMPSEY SIGNS PTY LTD,Office Signage,3498,Office
National,27-02-2023,LJ SIGNS PTY LTD,Office Signage,2486.68,Office
National,04-11-2022,M & M Signs Australia,Office Signage,3659.7,Office
National,31-01-2023,PRINT STORM,Office Signage,2620,Office
National,21-02-2023,Signarama Northern Rivers,Office Signage,462,Office
National,03-03-2023,,Office Signage,1500,Office
National,09-02-2023,Signvision,Office Signage,3200,Office
National,21-02-2023,Valley Signs & Printing Pty Ltd,Office Signage,2750,Office
National,02-02-2023,AGL,Utilities,229.42,Office
National,01-02-2023,AGL,Utilities,87.08,Office
National,20-02-2023,AGL,Utilities,202.51,Office
National,15-02-2023,AGL,Utilities,174.28,Office
National,11-03-2023,AGL,Utilities,102.07,Office
National,24-02-2023,AGL,Utilities,65.19,Office
National,22-02-2023,AGL,Utilities,298.47,Office
National,16-02-2023,AGL,Utilities,511.84,Office
National,09-03-2023,AGL,Utilities,36.84,Office
National,02-03-2023,Origin Energy,Utilities,91.29,Office
National,21-03-2023,Mantra on View,Travel & Accommodation,75,Travel
National,21-03-2023,Ampol,Travel & Accommodation,76.04,Travel
National,19-03-2023,7 Eleven,Travel & Accommodation,55.1,Travel
National,16-03-2023,Ampol,Travel & Accommodation,66.28,Travel
National,15-03-2023,Metro,Travel & Accommodation,49.85,Travel
National,10-03-2023,BP,Travel & Accommodation,79.36,Travel
National,07-03-2023,United,Travel & Accommodation,68.76,Travel
National,04-03-2023,Coles,Travel & Accommodation,64.98,Travel
National,28-02-2023,Purtill Group,Travel & Accommodation,62.24,Travel
National,24-03-2023,Ampol,Travel & Accommodation,97.42,Travel
National,23-03-2023,BP,Travel & Accommodation,107.86,Travel
National,06-10-2022,Cobar Town Accommodation,Travel & Accommodation,95,Travel
National,21-10-2022,Alamo Motor Inn,Travel & Accommodation,232,Travel
National,09-11-2022,Meyers Motors Fuels,Travel & Accommodation,51.44,Travel
National,12-11-2022,BP,Travel & Accommodation,67.21,Travel
National,12-11-2022,Shell,Travel & Accommodation,63.45,Travel
National,12-11-2022,Ampol,Travel & Accommodation,55.23,Travel
National,16-11-2022,Ampol,Travel & Accommodation,73,Travel
National,17-11-2022,BP,Travel & Accommodation,81,Travel
National,17-11-2022,Cobar Auto Part,Travel & Accommodation,45.77,Travel
National,20-10-2022,Cobar Auto Part,Travel & Accommodation,73.01,Travel
National,19-11-2022,BP,Travel & Accommodation,50,Travel
National,19-11-2022,Cobar Auto Part,Travel & Accommodation,105,Travel
National,03-01-2023,NSW Train Link,Travel & Accommodation,79.89,Travel
National,20-01-2023,Clocktower Motor Inn,Travel & Accommodation,120,Travel
National,21-01-2023,Forest Lodge Motor Inn,Travel & Accommodation,150,Travel
National,13-01-2023,Crossroads Motel,Travel & Accommodation,115.01,Travel
National,20-01-2023,Coles,Travel & Accommodation,88.05,Travel
National,06-01-2023,Globe Timer Mills & Jo,Travel & Accommodation,35.5,Travel
National,15-01-2023,Gilgandra-fuel,Travel & Accommodation,95,Travel
National,05-01-2023,Metro Hillside Station,Travel & Accommodation,97.02,Travel
National,09-01-2023,BP,Travel & Accommodation,104.73,Travel
National,07-01-2023,Metro Hillside Station,Travel & Accommodation,94.88,Travel
National,07-01-2023,S24 Broken Hill,Travel & Accommodation,9.48,Travel
National,12-01-2023,Metro Hillside Station,Travel & Accommodation,64.36,Travel
National,13-01-2023,BP,Travel & Accommodation,78.03,Travel
National,02-12-2022,ClockTower,Travel & Accommodation,100,Travel
National,02-12-2022,Inland West,Travel & Accommodation,56.91,Travel
National,03-12-2022,Collie Hotel,Travel & Accommodation,120,Travel
National,05-12-2022,Cobar,Travel & Accommodation,64.51,Travel
National,29-11-2022,Matilda Motor Inn,Travel & Accommodation,158,Travel
National,03-12-2022,Ampol,Travel & Accommodation,75.75,Travel
National,02-12-2022,Easmans Gilgandra,Travel & Accommodation,38.47,Travel
National,29-11-2022,BP,Travel & Accommodation,37.14,Travel
National,29-11-2022,Cobar Auto Part,Travel & Accommodation,44.93,Travel
National,12-12-2022,Wallangulla Motel,Travel & Accommodation,125,Travel
National,15-12-2022,Major Mitchell Motel,Travel & Accommodation,155,Travel
National,16-12-2022,Alamo Motor Inn,Travel & Accommodation,160,Travel
National,19-10-2022,Whitecliffs,Travel & Accommodation,45.71,Travel
National,22-11-2022,ClockTower,Travel & Accommodation,120,Travel
National,23-11-2022,ClockTower,Travel & Accommodation,120,Travel
National,05-12-2022,BP,Travel & Accommodation,50.29,Travel
National,08-12-2022,BP,Travel & Accommodation,72.91,Travel
National,08-12-2022,Cobar Auto Part,Travel & Accommodation,47.43,Travel
National,11-07-2022,KJC Research,Research,63520,Research
National,16-08-2022,KJC Research,Research,42344.01,Research
National,18-08-2022,KJC Research,Research,13992,Research
National,28-11-2022,KJC Research,Research,9004.29,Research
National,28-11-2022,KJC Research,Research,9004.29,Research
National,28-11-2022,KJC Research,Research,9004.28,Research
National,28-11-2022,KJC Research,Research,9004.29,Research
National,28-11-2022,KJC Research,Research,9004.29,Research
National,28-11-2022,KJC Research,Research,9004.29,Research
National,28-11-2022,KJC Research,Research,9004.29,Research
National,28-11-2022,KJC Research,Research,9004.29,Research
National,28-11-2022,KJC Research,Research,9004.29,Research
National,28-11-2022,KJC Research,Research,9004.28,Research
National,28-11-2022,KJC Research,Research,9004.28,Research
National,28-11-2022,KJC Research,Research,9004.29,Research
National,28-11-2022,KJC Research,Research,9004.28,Research
National,28-11-2022,KJC Research,Research,9004.29,Research
National,28-11-2022,KJC Research,Research,9004.29,Research
National,28-11-2022,KJC Research,Research,9004.28,Research
National,28-11-2022,KJC Research,Research,9004.28,Research
National,28-11-2022,KJC Research,Research,9004.28,Research
National,28-11-2022,KJC Research,Research,9004.28,Research
National,28-11-2022,KJC Research,Research,9004.28,Research
National,28-11-2022,KJC Research,Research,9004.29,Research
National,14-02-2023,KJC Research,Research,4502.2,Research
National,14-02-2023,KJC Research,Research,4502.14,Research
National,14-02-2023,KJC Research,Research,4502.14,Research
National,14-02-2023,KJC Research,Research,4502.14,Research
National,14-02-2023,KJC Research,Research,4502.14,Research
National,14-02-2023,KJC Research,Research,4502.14,Research
National,14-02-2023,KJC Research,Research,4502.14,Research
National,14-02-2023,KJC Research,Research,4502.14,Research
National,14-02-2023,KJC Research,Research,4502.14,Research
National,14-02-2023,KJC Research,Research,4502.14,Research
National,14-02-2023,KJC Research,Research,4502.14,Research
National,14-02-2023,KJC Research,Research,4502.14,Research
National,14-02-2023,KJC Research,Research,4502.14,Research
National,14-02-2023,KJC Research,Research,4502.14,Research
National,14-02-2023,KJC Research,Research,4502.14,Research
National,14-02-2023,KJC Research,Research,4502.14,Research
National,14-02-2023,KJC Research,Research,4502.14,Research
National,14-02-2023,KJC Research,Research,4502.14,Research
National,14-02-2023,KJC Research,Research,4502.14,Research
National,14-02-2023,KJC Research,Research,4502.14,Research
National,14-02-2023,KJC Research,Research,4502.14,Research
National,20-03-2023,KJC Research,Research,8760.8,Research
National,20-03-2023,KJC Research,Research,1500.71,Research
National,20-03-2023,KJC Research,Research,1500.71,Research
National,20-03-2023,KJC Research,Research,1500.71,Research
National,20-03-2023,KJC Research,Research,1500.71,Research
National,20-03-2023,KJC Research,Research,1500.71,Research
National,20-03-2023,KJC Research,Research,1500.71,Research
National,20-03-2023,KJC Research,Research,1500.71,Research
National,31-08-2022,Australia Post,Fundraising Expenditure,38.15,Fundraising
National,26-08-2022,Australia Post,Fundraising Expenditure,138.44,Fundraising
National,18-10-2022,Australia Post,Fundraising Expenditure,31.61,Fundraising
National,05-10-2022,Australia Post,Fundraising Expenditure,356.43,Fundraising
National,08-11-2022,Australia Post,Fundraising Expenditure,129.58,Fundraising
National,12-12-2022,Australia Post,Fundraising Expenditure,403.3,Fundraising
National,12-02-2023,Australia Post,Fundraising Expenditure,488.32,Fundraising
National,12-02-2023,Australia Post,Fundraising Expenditure,385.86,Fundraising
National,25-01-2023,Australia Post,Fundraising Expenditure,3.38,Fundraising
National,30-01-2023,Australia Post,Fundraising Expenditure,103.74,Fundraising
National,02-02-2023,Australia Post,Fundraising Expenditure,35.34,Fundraising
National,13-02-2023,Australia Post,Fundraising Expenditure,26.4,Fundraising
National,13-02-2023,Australia Post,Fundraising Expenditure,60.01,Fundraising
National,13-02-2023,Australia Post,Fundraising Expenditure,25,Fundraising
National,16-12-2022,Bathurst Goldfields,Fundraising Expenditure,1800,Fundraising
National,27-09-2022,Bathurst RSL Club Ltd,Fundraising Expenditure,3625,Fundraising
National,23-02-2023,Bathurst RSL Club Ltd,Fundraising Expenditure,5155,Fundraising
National,26-11-2022,,Fundraising Expenditure,500,Fundraising
National,15-03-2023,,Fundraising Expenditure,250,Fundraising
National,23-02-2023,The Reject Shop,Fundraising Expenditure,17.25,Fundraising
National,23-02-2023,The Reject Shop,Fundraising Expenditure,6,Fundraising
National,30-11-2022,Central Commercial Printers Pty Ltd,Fundraising Expenditure,286,Fundraising
National,19-12-2022,Central Commercial Printers Pty Ltd,Fundraising Expenditure,99,Fundraising
National,31-12-2022,Central Commercial Printers Pty Ltd,Fundraising Expenditure,77,Fundraising
National,16-02-2023,,Fundraising Expenditure,1000,Fundraising
National,14-12-2022,CLARENCE RIVER JOCKEY CLUB LTD,Fundraising Expenditure,660,Fundraising
National,18-11-2022,Club Mudgee,Fundraising Expenditure,2980,Fundraising
National,27-07-2022,Coffs Harbour Golf Club,Fundraising Expenditure,7671.1,Fundraising
National,06-03-2023,Colour Copy Shop,Fundraising Expenditure,94,Fundraising
National,04-03-2023,DUBBO TURF CLUB,Fundraising Expenditure,715,Fundraising
National,08-03-2023,,Fundraising Expenditure,1000,Fundraising
National,28-02-2023,Elton Ward Creative Pty Ltd,Fundraising Expenditure,176,Fundraising
National,28-02-2023,Elton Ward Creative Pty Ltd,Fundraising Expenditure,132,Fundraising
National,16-11-2022,Forster Tuncurry Memorial Services Club,Fundraising Expenditure,10720,Fundraising
National,15-03-2023,,Fundraising Expenditure,1000,Fundraising
National,02-11-2022,Graham Barclay (Distributors) Pty Ltd,Fundraising Expenditure,960,Fundraising
National,16-02-2023,,Fundraising Expenditure,250,Fundraising
National,10-03-2023,Hermetica Flowers (Winnell Pty Ltd),Fundraising Expenditure,825,Fundraising
National,14-03-2023,Hermetica Flowers (Winnell Pty Ltd),Fundraising Expenditure,825,Fundraising
National,15-02-2023,Hunter Resort Pty Ltd ( Hunter Valley Resort ),Fundraising Expenditure,5110,Fundraising
National,06-03-2023,INNOVATIVE PRODUCTION SERVICES,Fundraising Expenditure,2035,Fundraising
National,14-03-2023,,Fundraising Expenditure,539.2,Fundraising
National,05-11-2022,,Fundraising Expenditure,200,Fundraising
National,16-02-2023,,Fundraising Expenditure,1000,Fundraising
National,17-09-2022,,Fundraising Expenditure,500,Fundraising
National,18-11-2022,LAISSEZ-FAIRE CATERER,Fundraising Expenditure,3354.51,Fundraising
National,29-11-2022,Lazy Oak Vineyard,Fundraising Expenditure,2275,Fundraising
National,15-11-2022,Australia Post,Fundraising Expenditure,16.75,Fundraising
National,23-09-2022,Miles & Son,Fundraising Expenditure,150,Fundraising
National,09-11-2022,Monin Seafoods Pty Ltd,Fundraising Expenditure,404.25,Fundraising
National,23-11-2022,Murwillumbah Services Memorial Club,Fundraising Expenditure,550,Fundraising
National,09-11-2022,Parliament of NSW ( Food & Bev),Fundraising Expenditure,1794,Fundraising
National,17-11-2022,Parliament of NSW ( Food & Bev),Fundraising Expenditure,5620,Fundraising
National,17-11-2022,Parliament of NSW ( Food & Bev),Fundraising Expenditure,450,Fundraising
